sample_id,query_key,correct_value,gap,pair_id,sequence
0,K15,VALUE_0,256,4321,NOISE_0 NOISE_4 NOISE_5 NOISE_7 NOISE_0 NOISE_7 NOISE_1 NOISE_0 NOISE_6 NOISE_2 NOISE_6 NOISE_3 NOISE_0 NOISE_5 NOISE_2 NOISE_2 NOISE_3 NOISE_0 NOISE_1 NOISE_2 NOISE_1 NOISE_0 NOISE_7 NOISE_4 NOISE_3 NOISE_1 NOISE_6 NOISE_4 NOISE_1 NOISE_1 NOISE_2 NOISE_2 NOISE_7 NOISE_5 NOISE_4 NOISE_5 NOISE_1 NOISE_7 NOISE_1 NOISE_6 NOISE_2 NOISE_2 NOISE_0 NOISE_3 NOISE_2 NOISE_0 NOISE_7 NOISE_7 NOISE_0 NOISE_3 NOISE_7 NOISE_2 NOISE_7 NOISE_2 NOISE_5 NOISE_0 NOISE_0 NOISE_2 NOISE_4 NOISE_4 NOISE_4 NOISE_2 NOISE_5 NOISE_2 NOISE_1 NOISE_3 NOISE_0 NOISE_0 NOISE_1 NOISE_4 NOISE_0 K4 VALUE_1 NOISE_7 NOISE_1 NOISE_0 NOISE_0 NOISE_1 NOISE_1 NOISE_6 NOISE_4 NOISE_3 NOISE_0 NOISE_4 NOISE_1 NOISE_0 NOISE_1 NOISE_3 NOISE_7 NOISE_5 NOISE_1 NOISE_0 NOISE_3 NOISE_7 NOISE_4 NOISE_2 NOISE_7 NOISE_1 NOISE_1 NOISE_4 NOISE_3 NOISE_3 NOISE_1 NOISE_2 NOISE_6 NOISE_5 K26 VALUE_1 NOISE_3 NOISE_5 NOISE_4 NOISE_7 K6 VALUE_1 K12 VALUE_1 NOISE_5 NOISE_2 NOISE_0 NOISE_7 NOISE_2 NOISE_6 NOISE_5 NOISE_7 NOISE_2 NOISE_7 NOISE_0 NOISE_7 NOISE_4 NOISE_2 NOISE_1 NOISE_3 NOISE_2 K10 VALUE_1 NOISE_3 NOISE_0 NOISE_1 NOISE_7 NOISE_6 NOISE_0 NOISE_3 K8 VALUE_0 NOISE_6 NOISE_2 NOISE_4 NOISE_5 NOISE_6 NOISE_3 NOISE_6 NOISE_0 NOISE_4 NOISE_7 NOISE_4 NOISE_5 NOISE_1 NOISE_2 NOISE_0 NOISE_0 NOISE_6 NOISE_1 NOISE_2 NOISE_5 K9 VALUE_0 NOISE_6 NOISE_5 NOISE_5 NOISE_1 K7 VALUE_0 NOISE_0 NOISE_7 NOISE_3 K16 VALUE_1 NOISE_1 NOISE_1 NOISE_7 NOISE_5 NOISE_2 NOISE_4 NOISE_6 NOISE_6 NOISE_0 NOISE_6 NOISE_2 NOISE_5 NOISE_5 NOISE_6 NOISE_0 NOISE_2 NOISE_7 NOISE_7 NOISE_1 NOISE_3 NOISE_5 NOISE_4 NOISE_4 NOISE_7 NOISE_6 NOISE_0 NOISE_5 NOISE_5 NOISE_2 NOISE_6 NOISE_2 NOISE_6 NOISE_2 NOISE_7 NOISE_0 NOISE_4 NOISE_6 NOISE_2 NOISE_1 NOISE_1 NOISE_5 NOISE_2 NOISE_2 NOISE_6 NOISE_2 NOISE_5 NOISE_6 NOISE_3 NOISE_6 NOISE_2 NOISE_2 NOISE_3 NOISE_0 NOISE_2 NOISE_4 NOISE_3 NOISE_2 K11 VALUE_0 NOISE_6 NOISE_4 NOISE_3 NOISE_0 NOISE_1 K23 VALUE_1 NOISE_4 NOISE_1 NOISE_0 NOISE_4 NOISE_4 NOISE_1 NOISE_1 NOISE_7 NOISE_0 NOISE_4 NOISE_3 K15 VALUE_0 NOISE_2 NOISE_1 NOISE_1 NOISE_6 NOISE_3 NOISE_6 NOISE_0 NOISE_6 NOISE_3 NOISE_6 NOISE_6 NOISE_2 NOISE_0 NOISE_4 NOISE_7 NOISE_0 NOISE_0 NOISE_5 NOISE_7 NOISE_3 NOISE_3 NOISE_2 NOISE_1 NOISE_2 NOISE_7 NOISE_3 NOISE_4 NOISE_2 K19 VALUE_0 NOISE_3 NOISE_3 K25 VALUE_0 NOISE_1 NOISE_2 NOISE_1 NOISE_5 NOISE_4 NOISE_2 NOISE_2 NOISE_2 NOISE_1 NOISE_6 NOISE_3 NOISE_5 NOISE_5 NOISE_6 NOISE_0 NOISE_7 NOISE_4 NOISE_3 NOISE_0 NOISE_0 NOISE_5 NOISE_1 NOISE_6 NOISE_7 NOISE_3 NOISE_7 NOISE_1 NOISE_4 NOISE_3 NOISE_2 NOISE_7 NOISE_6 NOISE_6 NOISE_5 NOISE_4 NOISE_5 NOISE_6 NOISE_1 NOISE_5 NOISE_2 NOISE_0 NOISE_7 NOISE_0 NOISE_3 NOISE_4 NOISE_2 NOISE_4 NOISE_0 NOISE_0 NOISE_6 NOISE_7 NOISE_0 NOISE_7 NOISE_5 NOISE_1 NOISE_7 NOISE_0 NOISE_0 K27 VALUE_1 K31 VALUE_1 NOISE_6 NOISE_3 NOISE_3 NOISE_5 NOISE_1 NOISE_5 NOISE_1 NOISE_1 NOISE_6 NOISE_6 NOISE_7 NOISE_6 NOISE_2 NOISE_3 NOISE_5 NOISE_4 NOISE_0 K29 VALUE_0 NOISE_0 NOISE_6 NOISE_7 NOISE_7 NOISE_2 NOISE_6 NOISE_1 NOISE_7 NOISE_5 NOISE_1 NOISE_4 NOISE_2 NOISE_7 K3 VALUE_1 NOISE_1 NOISE_3 NOISE_6 NOISE_1 NOISE_6 NOISE_2 NOISE_7 NOISE_5 NOISE_2 NOISE_2 NOISE_3 NOISE_1 NOISE_0 NOISE_2 NOISE_1 K18 VALUE_0 NOISE_3 NOISE_0 NOISE_1 NOISE_6 NOISE_3 NOISE_2 NOISE_5 NOISE_2 NOISE_2 K0 VALUE_1 NOISE_3 NOISE_6 NOISE_6 NOISE_1 NOISE_4 NOISE_2 NOISE_4 K22 VALUE_0 NOISE_6 NOISE_6 NOISE_3 NOISE_6 NOISE_2 NOISE_2 NOISE_3 NOISE_1 NOISE_4 NOISE_2 NOISE_4 NOISE_0 NOISE_6 NOISE_1 NOISE_1 NOISE_6 NOISE_0 NOISE_7 NOISE_4 NOISE_7 NOISE_1 NOISE_4 NOISE_1 NOISE_1 NOISE_4 NOISE_2 NOISE_6 NOISE_6 NOISE_0 NOISE_5 NOISE_2 NOISE_4 NOISE_2 NOISE_1 K24 VALUE_0 NOISE_6 NOISE_3 NOISE_5 K17 VALUE_1 NOISE_4 NOISE_3 NOISE_0 NOISE_1 NOISE_5 NOISE_3 NOISE_5 NOISE_2 NOISE_4 NOISE_0 NOISE_0 NOISE_1 K13 VALUE_0 NOISE_5 NOISE_4 NOISE_0 NOISE_1 NOISE_4 NOISE_2 NOISE_7 NOISE_2 NOISE_4 NOISE_1 NOISE_7 NOISE_5 NOISE_4 NOISE_0 NOISE_1 NOISE_2 NOISE_3 NOISE_6 NOISE_2 NOISE_1 NOISE_0 NOISE_7 NOISE_6 NOISE_4 NOISE_1 NOISE_2 NOISE_5 NOISE_3 NOISE_3 NOISE_7 NOISE_7 NOISE_7 NOISE_4 Q15
1,K21,VALUE_1,64,1963,NOISE_6 NOISE_5 NOISE_6 NOISE_7 NOISE_4 NOISE_1 NOISE_1 NOISE_7 NOISE_7 NOISE_7 NOISE_6 NOISE_5 NOISE_2 NOISE_6 NOISE_4 NOISE_5 NOISE_0 K8 VALUE_1 NOISE_5 NOISE_2 NOISE_5 NOISE_4 NOISE_4 NOISE_7 NOISE_7 NOISE_7 NOISE_7 NOISE_6 NOISE_0 NOISE_7 NOISE_2 NOISE_3 NOISE_5 NOISE_1 NOISE_6 NOISE_0 NOISE_4 NOISE_7 NOISE_3 NOISE_4 NOISE_7 NOISE_4 NOISE_1 K17 VALUE_1 NOISE_7 NOISE_5 NOISE_7 K31 VALUE_0 NOISE_5 NOISE_5 NOISE_4 NOISE_0 NOISE_1 NOISE_7 NOISE_1 NOISE_1 NOISE_2 NOISE_0 NOISE_3 NOISE_4 NOISE_6 NOISE_3 NOISE_3 NOISE_2 NOISE_2 NOISE_0 NOISE_5 NOISE_5 NOISE_6 NOISE_6 NOISE_2 NOISE_4 NOISE_2 NOISE_5 NOISE_6 NOISE_5 NOISE_6 NOISE_0 NOISE_3 NOISE_7 NOISE_1 NOISE_4 NOISE_7 NOISE_3 NOISE_5 K13 VALUE_1 NOISE_1 NOISE_0 NOISE_7 NOISE_0 K10 VALUE_0 NOISE_5 NOISE_7 NOISE_2 NOISE_7 NOISE_5 NOISE_3 NOISE_1 NOISE_5 NOISE_7 NOISE_3 NOISE_1 NOISE_6 NOISE_3 NOISE_3 NOISE_7 K18 VALUE_0 NOISE_1 NOISE_1 NOISE_0 NOISE_3 NOISE_2 NOISE_2 NOISE_7 NOISE_0 NOISE_2 NOISE_1 NOISE_3 NOISE_3 NOISE_1 NOISE_5 NOISE_1 NOISE_4 NOISE_4 NOISE_6 NOISE_4 NOISE_1 NOISE_7 NOISE_1 NOISE_7 NOISE_0 NOISE_1 NOISE_2 NOISE_5 NOISE_2 NOISE_5 NOISE_4 NOISE_1 NOISE_1 NOISE_3 NOISE_6 NOISE_4 NOISE_6 NOISE_4 NOISE_4 NOISE_1 NOISE_1 NOISE_1 NOISE_2 NOISE_3 NOISE_6 NOISE_4 NOISE_4 NOISE_1 NOISE_3 NOISE_7 NOISE_1 NOISE_4 NOISE_3 K11 VALUE_1 NOISE_2 NOISE_3 NOISE_7 NOISE_3 NOISE_7 NOISE_0 NOISE_7 NOISE_4 NOISE_1 NOISE_1 NOISE_2 NOISE_5 NOISE_7 NOISE_4 K30 VALUE_0 NOISE_6 NOISE_7 K20 VALUE_0 NOISE_4 NOISE_7 NOISE_3 NOISE_2 NOISE_3 NOISE_2 NOISE_1 NOISE_1 NOISE_4 NOISE_1 NOISE_2 NOISE_2 NOISE_6 NOISE_6 NOISE_0 NOISE_0 NOISE_7 K16 VALUE_0 NOISE_3 NOISE_1 NOISE_0 NOISE_3 NOISE_0 NOISE_2 NOISE_4 NOISE_5 NOISE_5 NOISE_2 NOISE_6 NOISE_4 NOISE_4 NOISE_2 NOISE_5 NOISE_0 NOISE_1 NOISE_6 NOISE_5 NOISE_4 NOISE_3 NOISE_2 NOISE_2 K27 VALUE_0 NOISE_5 NOISE_5 NOISE_6 NOISE_5 NOISE_6 K5 VALUE_0 NOISE_1 NOISE_6 NOISE_6 NOISE_6 NOISE_7 NOISE_4 NOISE_2 NOISE_0 NOISE_5 NOISE_2 NOISE_1 NOISE_5 NOISE_3 NOISE_4 NOISE_5 NOISE_3 NOISE_6 NOISE_4 NOISE_2 NOISE_7 NOISE_1 NOISE_3 NOISE_5 NOISE_3 NOISE_3 NOISE_0 NOISE_3 NOISE_7 NOISE_7 NOISE_1 NOISE_3 NOISE_6 NOISE_3 NOISE_0 NOISE_2 NOISE_2 NOISE_0 NOISE_2 NOISE_1 NOISE_2 NOISE_7 NOISE_5 K24 VALUE_1 NOISE_4 NOISE_7 NOISE_1 NOISE_5 NOISE_4 NOISE_4 NOISE_1 NOISE_1 NOISE_7 NOISE_2 NOISE_5 NOISE_6 NOISE_6 NOISE_6 NOISE_7 NOISE_7 NOISE_3 K9 VALUE_1 NOISE_3 NOISE_4 NOISE_6 NOISE_2 NOISE_1 NOISE_6 NOISE_5 NOISE_3 NOISE_2 NOISE_6 NOISE_6 NOISE_3 NOISE_5 K3 VALUE_0 NOISE_0 NOISE_7 NOISE_3 NOISE_7 NOISE_7 NOISE_4 NOISE_0 NOISE_2 NOISE_3 NOISE_3 NOISE_1 K0 VALUE_1 NOISE_6 NOISE_6 NOISE_0 K15 VALUE_1 NOISE_0 K28 VALUE_1 NOISE_2 NOISE_7 NOISE_5 NOISE_5 NOISE_6 NOISE_0 NOISE_2 NOISE_3 NOISE_4 NOISE_3 NOISE_4 NOISE_5 NOISE_0 NOISE_5 NOISE_7 NOISE_3 NOISE_6 K12 VALUE_0 NOISE_3 NOISE_1 NOISE_0 NOISE_6 NOISE_5 NOISE_4 NOISE_0 NOISE_4 NOISE_3 NOISE_5 NOISE_5 NOISE_5 K1 VALUE_0 NOISE_4 NOISE_1 NOISE_3 NOISE_2 NOISE_6 NOISE_2 NOISE_3 NOISE_2 NOISE_4 NOISE_0 NOISE_2 NOISE_0 NOISE_5 NOISE_1 NOISE_4 NOISE_1 NOISE_2 NOISE_0 NOISE_1 NOISE_2 NOISE_1 NOISE_2 NOISE_7 NOISE_2 NOISE_3 NOISE_7 NOISE_7 NOISE_0 NOISE_1 NOISE_2 NOISE_1 NOISE_4 NOISE_3 NOISE_1 NOISE_2 NOISE_7 NOISE_5 K6 VALUE_1 NOISE_2 NOISE_0 NOISE_6 NOISE_3 NOISE_4 NOISE_3 NOISE_5 K4 VALUE_1 NOISE_2 NOISE_0 NOISE_1 NOISE_2 NOISE_1 NOISE_5 NOISE_3 NOISE_6 NOISE_4 NOISE_1 NOISE_6 NOISE_6 NOISE_5 NOISE_4 NOISE_6 NOISE_3 NOISE_2 NOISE_5 NOISE_7 NOISE_6 NOISE_5 NOISE_1 NOISE_5 NOISE_5 NOISE_5 NOISE_3 NOISE_0 NOISE_5 K21 VALUE_1 NOISE_6 NOISE_1 NOISE_6 NOISE_5 NOISE_3 NOISE_0 NOISE_3 NOISE_0 NOISE_0 NOISE_6 NOISE_4 NOISE_6 NOISE_6 NOISE_6 NOISE_3 NOISE_7 NOISE_7 NOISE_6 NOISE_0 NOISE_3 NOISE_3 NOISE_2 NOISE_6 NOISE_7 NOISE_7 NOISE_4 NOISE_0 NOISE_3 NOISE_6 NOISE_3 NOISE_1 NOISE_4 NOISE_3 NOISE_4 K14 VALUE_0 NOISE_2 NOISE_0 NOISE_6 NOISE_2 NOISE_5 NOISE_4 NOISE_0 NOISE_3 NOISE_0 NOISE_1 NOISE_1 NOISE_3 NOISE_4 NOISE_0 NOISE_0 NOISE_4 NOISE_5 NOISE_3 NOISE_0 NOISE_3 NOISE_1 NOISE_1 NOISE_1 NOISE_5 NOISE_7 NOISE_0 NOISE_6 Q21
2,K14,VALUE_1,64,2436,NOISE_3 NOISE_3 NOISE_7 NOISE_6 NOISE_6 NOISE_3 NOISE_6 NOISE_4 NOISE_3 NOISE_6 NOISE_0 NOISE_2 NOISE_3 NOISE_5 NOISE_7 NOISE_0 NOISE_1 NOISE_6 NOISE_1 NOISE_0 NOISE_4 K10 VALUE_1 NOISE_5 NOISE_3 NOISE_0 NOISE_7 NOISE_7 NOISE_1 NOISE_6 NOISE_6 NOISE_3 NOISE_2 NOISE_2 NOISE_3 NOISE_3 NOISE_0 NOISE_7 NOISE_5 NOISE_0 NOISE_0 NOISE_3 NOISE_0 NOISE_2 NOISE_6 NOISE_5 NOISE_0 NOISE_7 NOISE_7 NOISE_2 NOISE_4 NOISE_2 NOISE_4 NOISE_6 NOISE_1 NOISE_6 NOISE_1 K29 VALUE_1 NOISE_5 NOISE_6 NOISE_3 NOISE_7 NOISE_2 NOISE_2 NOISE_2 NOISE_6 NOISE_7 NOISE_3 NOISE_1 NOISE_2 NOISE_3 NOISE_3 NOISE_2 NOISE_5 NOISE_4 NOISE_4 NOISE_3 NOISE_3 NOISE_3 NOISE_5 NOISE_7 K9 VALUE_0 NOISE_5 NOISE_3 NOISE_6 NOISE_6 NOISE_4 NOISE_4 NOISE_6 NOISE_2 NOISE_2 NOISE_2 NOISE_0 NOISE_6 NOISE_5 NOISE_4 NOISE_2 NOISE_3 NOISE_5 K8 VALUE_1 NOISE_4 NOISE_7 K4 VALUE_1 NOISE_6 NOISE_3 NOISE_4 NOISE_0 NOISE_6 NOISE_7 NOISE_4 NOISE_2 NOISE_2 K22 VALUE_0 NOISE_4 NOISE_0 NOISE_3 NOISE_1 K0 VALUE_0 NOISE_1 K6 VALUE_0 NOISE_7 NOISE_1 NOISE_7 NOISE_3 NOISE_1 NOISE_2 NOISE_2 NOISE_0 NOISE_7 NOISE_2 K18 VALUE_1 NOISE_5 NOISE_2 NOISE_2 NOISE_0 NOISE_1 NOISE_3 NOISE_6 NOISE_3 NOISE_7 NOISE_6 NOISE_7 K17 VALUE_0 NOISE_2 NOISE_6 NOISE_1 NOISE_5 NOISE_2 NOISE_3 NOISE_3 NOISE_7 NOISE_6 NOISE_0 NOISE_5 NOISE_4 NOISE_3 NOISE_3 NOISE_2 NOISE_0 K11 VALUE_1 NOISE_5 NOISE_7 NOISE_6 NOISE_0 NOISE_7 NOISE_4 NOISE_6 NOISE_3 NOISE_4 NOISE_0 NOISE_6 NOISE_3 K3 VALUE_0 NOISE_4 NOISE_1 NOISE_0 NOISE_7 NOISE_0 NOISE_2 NOISE_0 NOISE_3 NOISE_5 NOISE_2 NOISE_7 NOISE_3 NOISE_0 NOISE_6 NOISE_5 NOISE_7 K16 VALUE_1 NOISE_2 NOISE_7 NOISE_4 NOISE_7 NOISE_6 NOISE_2 NOISE_5 NOISE_0 NOISE_5 NOISE_2 NOISE_7 NOISE_1 NOISE_5 K13 VALUE_0 NOISE_0 NOISE_5 NOISE_3 NOISE_2 NOISE_6 NOISE_0 NOISE_4 NOISE_1 NOISE_2 NOISE_2 NOISE_5 NOISE_1 NOISE_2 NOISE_6 NOISE_4 NOISE_1 NOISE_1 NOISE_0 NOISE_6 NOISE_6 NOISE_2 NOISE_7 NOISE_1 NOISE_3 NOISE_1 NOISE_7 NOISE_7 NOISE_4 NOISE_1 NOISE_1 NOISE_1 NOISE_0 NOISE_3 NOISE_0 NOISE_4 NOISE_6 NOISE_2 NOISE_5 NOISE_2 NOISE_0 NOISE_0 NOISE_7 NOISE_2 NOISE_7 NOISE_0 NOISE_2 NOISE_5 NOISE_4 NOISE_5 NOISE_0 NOISE_1 NOISE_6 NOISE_7 NOISE_2 NOISE_2 NOISE_4 NOISE_7 NOISE_3 NOISE_0 NOISE_6 NOISE_6 NOISE_5 NOISE_2 NOISE_0 NOISE_5 NOISE_0 NOISE_7 NOISE_2 NOISE_7 NOISE_5 NOISE_6 NOISE_7 NOISE_5 NOISE_7 NOISE_7 NOISE_4 NOISE_0 NOISE_2 NOISE_7 K1 VALUE_0 NOISE_2 NOISE_2 NOISE_7 NOISE_4 NOISE_1 NOISE_2 NOISE_3 NOISE_6 NOISE_3 NOISE_4 NOISE_2 NOISE_2 NOISE_0 NOISE_5 NOISE_5 NOISE_2 NOISE_2 NOISE_3 NOISE_3 NOISE_5 NOISE_1 NOISE_7 NOISE_7 NOISE_4 NOISE_3 NOISE_6 K5 VALUE_1 NOISE_2 K24 VALUE_1 NOISE_1 NOISE_7 NOISE_7 NOISE_4 NOISE_2 NOISE_7 NOISE_3 NOISE_1 NOISE_1 NOISE_2 NOISE_3 NOISE_4 NOISE_5 NOISE_6 NOISE_6 NOISE_6 NOISE_4 K2 VALUE_0 NOISE_3 NOISE_1 K20 VALUE_1 NOISE_5 NOISE_5 NOISE_5 NOISE_0 NOISE_6 NOISE_4 NOISE_6 NOISE_4 NOISE_4 NOISE_6 NOISE_7 NOISE_2 NOISE_4 NOISE_5 NOISE_5 NOISE_3 NOISE_2 NOISE_5 NOISE_1 NOISE_2 NOISE_0 NOISE_4 NOISE_6 K26 VALUE_0 NOISE_3 NOISE_0 NOISE_1 NOISE_5 NOISE_7 NOISE_7 NOISE_2 NOISE_6 NOISE_3 NOISE_2 NOISE_5 NOISE_2 NOISE_4 NOISE_4 NOISE_5 NOISE_5 NOISE_5 NOISE_0 NOISE_6 NOISE_3 NOISE_0 NOISE_0 NOISE_5 NOISE_2 NOISE_4 NOISE_4 NOISE_0 NOISE_7 NOISE_2 NOISE_7 NOISE_7 NOISE_0 NOISE_3 NOISE_5 NOISE_5 NOISE_3 NOISE_3 K12 VALUE_0 NOISE_7 NOISE_3 NOISE_4 NOISE_5 NOISE_3 NOISE_6 NOISE_6 NOISE_4 NOISE_0 NOISE_1 NOISE_1 NOISE_7 NOISE_5 NOISE_4 NOISE_2 NOISE_0 NOISE_6 NOISE_4 NOISE_1 NOISE_3 NOISE_1 NOISE_2 NOISE_6 NOISE_2 NOISE_1 NOISE_2 NOISE_1 NOISE_7 NOISE_3 NOISE_1 K14 VALUE_1 NOISE_6 NOISE_7 NOISE_3 NOISE_7 NOISE_1 K15 VALUE_0 NOISE_2 NOISE_2 NOISE_1 NOISE_5 NOISE_1 NOISE_3 NOISE_7 NOISE_1 NOISE_2 NOISE_3 NOISE_3 NOISE_1 NOISE_7 NOISE_5 NOISE_4 NOISE_7 NOISE_2 NOISE_4 NOISE_6 NOISE_3 NOISE_7 NOISE_5 NOISE_2 NOISE_7 NOISE_3 NOISE_6 NOISE_5 NOISE_7 NOISE_6 NOISE_7 NOISE_4 NOISE_0 NOISE_3 NOISE_4 NOISE_0 K31 VALUE_1 NOISE_0 NOISE_2 NOISE_7 NOISE_0 NOISE_0 NOISE_6 NOISE_7 NOISE_5 NOISE_2 NOISE_3 NOISE_4 NOISE_4 NOISE_6 NOISE_5 NOISE_7 NOISE_4 NOISE_5 NOISE_7 NOISE_2 Q14
3,K29,VALUE_1,384,6585,NOISE_2 NOISE_3 K27 VALUE_1 K3 VALUE_0 NOISE_4 NOISE_1 NOISE_0 NOISE_1 NOISE_1 NOISE_4 NOISE_6 NOISE_6 NOISE_0 NOISE_6 NOISE_3 NOISE_0 NOISE_7 NOISE_0 NOISE_5 NOISE_7 NOISE_6 NOISE_2 NOISE_4 NOISE_7 NOISE_7 K24 VALUE_1 NOISE_4 NOISE_5 NOISE_7 NOISE_3 K14 VALUE_0 NOISE_5 NOISE_7 NOISE_6 NOISE_6 NOISE_5 NOISE_3 NOISE_0 NOISE_1 NOISE_0 NOISE_4 NOISE_5 NOISE_6 NOISE_0 NOISE_7 NOISE_4 NOISE_6 NOISE_6 NOISE_4 NOISE_6 NOISE_7 NOISE_0 NOISE_6 NOISE_3 NOISE_1 NOISE_7 NOISE_4 NOISE_7 NOISE_0 NOISE_6 NOISE_6 NOISE_5 NOISE_6 NOISE_7 NOISE_1 NOISE_4 NOISE_0 NOISE_4 NOISE_5 NOISE_6 NOISE_3 K17 VALUE_0 NOISE_0 NOISE_7 NOISE_7 NOISE_2 NOISE_0 NOISE_0 NOISE_4 NOISE_2 NOISE_7 NOISE_3 NOISE_4 NOISE_1 NOISE_1 NOISE_3 NOISE_4 NOISE_5 K26 VALUE_0 NOISE_2 NOISE_4 NOISE_6 NOISE_4 NOISE_5 NOISE_6 NOISE_0 K2 VALUE_1 NOISE_4 NOISE_7 NOISE_1 NOISE_3 NOISE_4 NOISE_0 NOISE_1 NOISE_2 NOISE_7 NOISE_6 NOISE_1 NOISE_0 NOISE_0 NOISE_4 NOISE_2 NOISE_3 NOISE_6 NOISE_7 NOISE_7 NOISE_0 NOISE_4 NOISE_3 K29 VALUE_1 NOISE_1 NOISE_4 NOISE_2 NOISE_1 NOISE_4 NOISE_1 NOISE_6 K10 VALUE_1 NOISE_4 NOISE_7 NOISE_1 NOISE_1 NOISE_7 NOISE_5 NOISE_5 NOISE_1 NOISE_6 NOISE_1 NOISE_6 NOISE_6 NOISE_2 NOISE_1 NOISE_6 NOISE_0 NOISE_0 NOISE_0 NOISE_5 K23 VALUE_1 NOISE_7 NOISE_5 NOISE_1 NOISE_6 NOISE_3 NOISE_7 NOISE_2 NOISE_4 NOISE_5 NOISE_6 NOISE_5 NOISE_1 NOISE_6 NOISE_6 NOISE_6 NOISE_1 NOISE_2 NOISE_0 NOISE_6 NOISE_7 NOISE_1 NOISE_6 NOISE_7 NOISE_1 NOISE_4 NOISE_5 NOISE_7 NOISE_3 NOISE_6 NOISE_5 NOISE_4 NOISE_3 NOISE_2 K19 VALUE_0 K4 VALUE_1 NOISE_2 NOISE_1 NOISE_1 NOISE_0 NOISE_6 NOISE_5 NOISE_1 NOISE_3 NOISE_7 NOISE_4 NOISE_7 NOISE_5 NOISE_2 NOISE_0 NOISE_2 K8 VALUE_0 NOISE_5 NOISE_6 NOISE_2 NOISE_6 NOISE_3 NOISE_3 NOISE_4 NOISE_2 NOISE_3 NOISE_0 NOISE_4 K22 VALUE_0 NOISE_7 NOISE_2 NOISE_3 NOISE_4 NOISE_0 NOISE_3 NOISE_2 NOISE_4 NOISE_2 NOISE_1 NOISE_6 NOISE_2 NOISE_1 NOISE_1 NOISE_5 K12 VALUE_1 NOISE_6 NOISE_1 NOISE_5 NOISE_1 NOISE_4 NOISE_1 NOISE_5 NOISE_7 NOISE_3 NOISE_4 NOISE_7 NOISE_4 NOISE_0 NOISE_7 NOISE_5 NOISE_7 NOISE_7 NOISE_6 NOISE_3 NOISE_6 NOISE_5 NOISE_1 NOISE_6 NOISE_5 NOISE_4 NOISE_7 NOISE_7 NOISE_1 NOISE_4 NOISE_2 NOISE_1 K25 VALUE_1 NOISE_2 K28 VALUE_0 NOISE_0 NOISE_2 NOISE_6 NOISE_0 K13 VALUE_1 NOISE_2 NOISE_4 NOISE_0 NOISE_7 NOISE_7 NOISE_5 NOISE_4 NOISE_7 NOISE_1 NOISE_1 NOISE_6 K6 VALUE_0 NOISE_2 NOISE_4 NOISE_4 NOISE_3 NOISE_5 NOISE_3 NOISE_5 NOISE_3 NOISE_2 NOISE_6 NOISE_0 NOISE_1 NOISE_6 NOISE_3 NOISE_1 NOISE_2 NOISE_7 NOISE_5 NOISE_6 NOISE_5 NOISE_7 K15 VALUE_0 NOISE_3 NOISE_2 K9 VALUE_0 NOISE_6 NOISE_7 NOISE_6 NOISE_2 NOISE_5 NOISE_7 NOISE_2 NOISE_1 NOISE_5 NOISE_3 NOISE_6 NOISE_2 NOISE_4 NOISE_3 NOISE_7 NOISE_1 NOISE_0 NOISE_5 NOISE_3 NOISE_7 NOISE_6 NOISE_2 NOISE_2 NOISE_4 NOISE_6 NOISE_7 NOISE_0 NOISE_2 NOISE_6 NOISE_6 NOISE_7 NOISE_3 NOISE_1 NOISE_7 NOISE_1 NOISE_0 NOISE_3 NOISE_1 NOISE_3 NOISE_3 NOISE_4 NOISE_2 NOISE_5 NOISE_3 NOISE_0 NOISE_1 NOISE_2 NOISE_1 NOISE_0 NOISE_4 NOISE_1 NOISE_0 NOISE_0 NOISE_6 NOISE_4 NOISE_5 NOISE_4 NOISE_7 NOISE_1 NOISE_2 NOISE_5 NOISE_5 NOISE_2 NOISE_6 NOISE_6 NOISE_1 NOISE_3 NOISE_6 NOISE_1 NOISE_4 NOISE_2 NOISE_2 NOISE_1 NOISE_4 NOISE_4 NOISE_4 NOISE_5 NOISE_3 K0 VALUE_0 NOISE_5 NOISE_4 NOISE_1 NOISE_7 NOISE_5 NOISE_7 NOISE_6 NOISE_1 NOISE_4 NOISE_5 NOISE_1 NOISE_4 NOISE_2 NOISE_0 NOISE_0 NOISE_5 NOISE_6 NOISE_3 NOISE_0 NOISE_1 NOISE_2 NOISE_2 NOISE_2 NOISE_5 NOISE_5 NOISE_6 NOISE_5 NOISE_3 NOISE_4 NOISE_6 NOISE_7 NOISE_3 NOISE_4 K31 VALUE_1 NOISE_2 NOISE_5 NOISE_5 NOISE_7 NOISE_0 NOISE_7 NOISE_2 NOISE_0 K20 VALUE_1 NOISE_0 NOISE_3 NOISE_7 NOISE_0 NOISE_2 NOISE_5 NOISE_0 NOISE_0 NOISE_0 NOISE_0 NOISE_7 NOISE_2 NOISE_6 NOISE_5 NOISE_3 NOISE_1 NOISE_2 NOISE_4 NOISE_1 NOISE_3 NOISE_6 NOISE_5 NOISE_6 NOISE_3 NOISE_5 NOISE_1 NOISE_3 NOISE_0 NOISE_4 NOISE_7 NOISE_0 NOISE_3 NOISE_3 NOISE_7 NOISE_0 NOISE_6 NOISE_6 NOISE_6 NOISE_0 NOISE_3 NOISE_7 NOISE_3 NOISE_1 NOISE_0 NOISE_6 NOISE_7 NOISE_6 NOISE_0 NOISE_5 NOISE_0 NOISE_2 NOISE_4 NOISE_6 NOISE_6 NOISE_0 NOISE_5 NOISE_5 NOISE_7 NOISE_4 NOISE_3 NOISE_4 NOISE_0 Q29
4,K28,VALUE_1,256,5111,NOISE_0 NOISE_4 NOISE_1 NOISE_6 NOISE_0 NOISE_5 NOISE_0 NOISE_1 NOISE_5 NOISE_2 NOISE_1 NOISE_3 NOISE_4 NOISE_5 NOISE_3 NOISE_2 NOISE_4 NOISE_1 NOISE_5 NOISE_4 NOISE_5 NOISE_1 NOISE_2 NOISE_4 NOISE_2 K5 VALUE_0 NOISE_1 NOISE_1 NOISE_7 NOISE_5 NOISE_6 NOISE_5 NOISE_4 NOISE_4 NOISE_5 NOISE_4 NOISE_2 NOISE_1 NOISE_0 NOISE_0 NOISE_4 NOISE_5 NOISE_4 NOISE_1 NOISE_4 NOISE_3 NOISE_0 NOISE_0 NOISE_7 NOISE_6 NOISE_0 NOISE_0 NOISE_4 NOISE_3 NOISE_7 NOISE_3 NOISE_2 NOISE_7 NOISE_6 NOISE_4 NOISE_1 NOISE_7 NOISE_7 NOISE_2 NOISE_2 NOISE_2 NOISE_4 NOISE_0 K18 VALUE_0 NOISE_0 NOISE_6 NOISE_7 NOISE_7 NOISE_6 NOISE_1 NOISE_2 NOISE_1 NOISE_1 NOISE_4 NOISE_3 NOISE_6 NOISE_4 NOISE_5 NOISE_7 NOISE_0 NOISE_3 NOISE_6 NOISE_7 NOISE_5 NOISE_1 NOISE_4 NOISE_7 NOISE_0 NOISE_0 NOISE_7 NOISE_0 NOISE_1 NOISE_2 NOISE_4 NOISE_0 NOISE_4 K7 VALUE_0 NOISE_5 NOISE_7 NOISE_1 NOISE_7 K26 VALUE_1 NOISE_5 NOISE_2 NOISE_6 NOISE_2 K8 VALUE_0 NOISE_3 NOISE_4 NOISE_3 NOISE_4 NOISE_2 NOISE_7 NOISE_7 NOISE_2 NOISE_4 NOISE_4 NOISE_0 NOISE_0 NOISE_0 NOISE_2 NOISE_5 NOISE_1 NOISE_4 NOISE_1 NOISE_2 NOISE_0 NOISE_3 NOISE_2 NOISE_4 NOISE_1 NOISE_3 NOISE_5 NOISE_0 NOISE_7 NOISE_1 NOISE_4 NOISE_6 NOISE_3 NOISE_0 NOISE_1 NOISE_4 NOISE_0 NOISE_2 NOISE_3 NOISE_6 NOISE_3 NOISE_5 NOISE_6 NOISE_2 NOISE_3 NOISE_2 NOISE_7 NOISE_5 NOISE_4 NOISE_3 NOISE_3 NOISE_2 K0 VALUE_1 NOISE_2 NOISE_3 NOISE_0 NOISE_2 NOISE_1 NOISE_0 NOISE_1 NOISE_5 NOISE_2 K1 VALUE_0 NOISE_7 K3 VALUE_0 NOISE_3 NOISE_5 NOISE_4 NOISE_6 NOISE_1 NOISE_7 NOISE_4 NOISE_1 NOISE_7 NOISE_0 NOISE_2 NOISE_1 NOISE_5 NOISE_4 NOISE_6 NOISE_3 NOISE_1 K22 VALUE_0 NOISE_6 NOISE_4 NOISE_2 NOISE_5 NOISE_0 NOISE_1 NOISE_4 NOISE_5 NOISE_3 NOISE_0 NOISE_3 NOISE_2 NOISE_5 NOISE_7 NOISE_2 NOISE_1 NOISE_0 NOISE_1 NOISE_6 NOISE_6 NOISE_7 NOISE_0 NOISE_4 NOISE_6 NOISE_3 NOISE_7 NOISE_0 NOISE_6 NOISE_6 NOISE_5 NOISE_7 NOISE_4 NOISE_5 NOISE_2 NOISE_2 K25 VALUE_1 NOISE_6 NOISE_5 NOISE_4 NOISE_2 NOISE_5 NOISE_3 NOISE_7 K19 VALUE_0 K13 VALUE_0 NOISE_3 NOISE_3 NOISE_1 K28 VALUE_1 NOISE_7 NOISE_1 NOISE_7 NOISE_7 K17 VALUE_0 NOISE_3 NOISE_6 NOISE_7 NOISE_2 NOISE_7 NOISE_6 NOISE_3 NOISE_7 NOISE_1 NOISE_3 NOISE_5 NOISE_6 NOISE_6 NOISE_1 NOISE_1 K20 VALUE_1 NOISE_5 NOISE_4 NOISE_7 NOISE_3 NOISE_1 NOISE_6 NOISE_0 NOISE_4 NOISE_1 NOISE_6 K2 VALUE_1 NOISE_0 NOISE_6 NOISE_7 K15 VALUE_1 NOISE_4 NOISE_1 NOISE_3 NOISE_4 NOISE_0 NOISE_4 NOISE_3 NOISE_6 NOISE_7 NOISE_4 NOISE_0 NOISE_4 NOISE_7 NOISE_0 NOISE_3 K12 VALUE_1 NOISE_6 NOISE_3 NOISE_1 NOISE_2 NOISE_6 NOISE_3 NOISE_2 NOISE_7 NOISE_2 NOISE_1 NOISE_1 NOISE_3 NOISE_4 NOISE_3 NOISE_0 NOISE_1 NOISE_7 NOISE_0 NOISE_3 NOISE_7 NOISE_0 NOISE_4 NOISE_1 NOISE_3 NOISE_7 NOISE_7 K11 VALUE_0 NOISE_0 NOISE_2 NOISE_7 NOISE_4 NOISE_0 NOISE_5 NOISE_1 NOISE_1 NOISE_3 NOISE_5 NOISE_7 K14 VALUE_1 NOISE_6 NOISE_6 NOISE_5 NOISE_5 NOISE_2 NOISE_0 NOISE_1 NOISE_3 NOISE_5 NOISE_6 NOISE_6 NOISE_6 NOISE_1 NOISE_0 NOISE_0 NOISE_6 NOISE_6 NOISE_6 NOISE_5 NOISE_5 NOISE_3 K9 VALUE_0 NOISE_6 NOISE_4 NOISE_4 NOISE_2 NOISE_4 NOISE_2 NOISE_7 NOISE_6 NOISE_6 NOISE_7 NOISE_4 NOISE_6 NOISE_4 NOISE_5 NOISE_1 NOISE_1 NOISE_4 NOISE_4 NOISE_4 NOISE_0 NOISE_4 NOISE_5 NOISE_3 NOISE_3 NOISE_1 NOISE_4 NOISE_7 NOISE_7 NOISE_1 NOISE_5 NOISE_1 NOISE_3 NOISE_6 NOISE_6 NOISE_6 NOISE_7 NOISE_2 NOISE_0 NOISE_1 NOISE_7 NOISE_5 NOISE_1 NOISE_7 NOISE_2 NOISE_5 NOISE_3 NOISE_5 NOISE_2 NOISE_7 NOISE_5 NOISE_6 NOISE_0 K29 VALUE_1 NOISE_2 NOISE_3 NOISE_7 NOISE_3 NOISE_3 NOISE_7 NOISE_4 K6 VALUE_1 NOISE_6 NOISE_6 NOISE_3 NOISE_1 NOISE_7 NOISE_4 NOISE_2 NOISE_2 NOISE_3 NOISE_7 NOISE_2 NOISE_0 NOISE_2 NOISE_1 K10 VALUE_1 NOISE_6 NOISE_7 NOISE_7 NOISE_6 NOISE_6 NOISE_4 NOISE_7 NOISE_2 NOISE_3 NOISE_4 NOISE_2 NOISE_0 NOISE_4 NOISE_7 NOISE_5 NOISE_6 NOISE_3 NOISE_6 NOISE_1 NOISE_7 NOISE_2 NOISE_5 NOISE_3 NOISE_6 NOISE_6 NOISE_4 NOISE_5 NOISE_6 NOISE_1 NOISE_5 NOISE_7 NOISE_3 NOISE_7 NOISE_0 NOISE_2 NOISE_7 NOISE_0 NOISE_7 NOISE_1 NOISE_2 NOISE_4 NOISE_3 NOISE_1 NOISE_5 NOISE_5 NOISE_3 NOISE_4 NOISE_2 NOISE_0 NOISE_4 NOISE_3 NOISE_7 NOISE_7 NOISE_0 NOISE_6 Q28
5,K18,VALUE_1,256,4828,NOISE_2 NOISE_0 NOISE_0 NOISE_1 NOISE_7 NOISE_1 NOISE_6 NOISE_6 NOISE_6 NOISE_1 NOISE_7 NOISE_5 NOISE_1 NOISE_0 NOISE_3 NOISE_6 NOISE_2 NOISE_4 K29 VALUE_1 K9 VALUE_0 NOISE_4 NOISE_0 NOISE_3 NOISE_6 NOISE_0 NOISE_4 NOISE_7 NOISE_4 NOISE_3 NOISE_0 NOISE_0 NOISE_1 NOISE_5 NOISE_3 NOISE_7 NOISE_0 NOISE_5 NOISE_2 NOISE_5 NOISE_0 NOISE_4 NOISE_5 NOISE_1 NOISE_5 NOISE_7 NOISE_7 NOISE_0 NOISE_4 K23 VALUE_0 NOISE_5 NOISE_0 NOISE_6 NOISE_6 NOISE_3 NOISE_7 NOISE_7 NOISE_1 K6 VALUE_0 NOISE_0 NOISE_3 NOISE_2 NOISE_2 NOISE_0 NOISE_1 NOISE_5 NOISE_7 NOISE_6 NOISE_3 NOISE_2 NOISE_2 NOISE_3 NOISE_1 NOISE_6 NOISE_3 NOISE_7 NOISE_7 NOISE_4 NOISE_7 NOISE_1 NOISE_2 NOISE_6 NOISE_0 NOISE_6 NOISE_2 NOISE_4 NOISE_5 NOISE_2 NOISE_4 NOISE_7 NOISE_6 NOISE_7 NOISE_1 NOISE_7 NOISE_0 NOISE_1 NOISE_4 NOISE_2 NOISE_1 NOISE_3 NOISE_4 NOISE_4 NOISE_1 NOISE_7 NOISE_2 NOISE_0 NOISE_2 NOISE_1 NOISE_1 NOISE_3 NOISE_6 NOISE_0 NOISE_0 NOISE_6 NOISE_4 NOISE_3 NOISE_2 NOISE_2 NOISE_7 NOISE_5 K5 VALUE_0 NOISE_0 NOISE_1 NOISE_2 NOISE_6 NOISE_6 NOISE_5 NOISE_1 NOISE_5 NOISE_2 NOISE_5 NOISE_4 NOISE_6 NOISE_4 NOISE_6 NOISE_2 NOISE_6 NOISE_5 NOISE_0 NOISE_6 NOISE_5 NOISE_1 NOISE_2 NOISE_4 NOISE_3 NOISE_5 NOISE_0 NOISE_2 NOISE_2 NOISE_3 NOISE_6 NOISE_4 NOISE_3 NOISE_6 NOISE_7 NOISE_5 NOISE_3 NOISE_3 NOISE_0 NOISE_5 NOISE_5 NOISE_3 NOISE_1 NOISE_6 NOISE_6 NOISE_1 NOISE_0 NOISE_5 NOISE_4 NOISE_0 NOISE_6 NOISE_6 NOISE_2 NOISE_2 NOISE_2 NOISE_7 NOISE_4 NOISE_4 NOISE_7 NOISE_0 NOISE_1 NOISE_3 NOISE_5 NOISE_0 NOISE_0 NOISE_1 NOISE_0 NOISE_7 NOISE_0 NOISE_4 NOISE_5 NOISE_3 NOISE_6 NOISE_0 NOISE_5 NOISE_5 NOISE_5 NOISE_3 NOISE_6 NOISE_2 NOISE_1 NOISE_6 NOISE_4 NOISE_0 NOISE_0 NOISE_0 NOISE_3 NOISE_5 K2 VALUE_1 NOISE_4 NOISE_7 K31 VALUE_0 NOISE_1 NOISE_3 NOISE_0 NOISE_4 NOISE_5 NOISE_3 NOISE_4 NOISE_5 NOISE_5 NOISE_6 NOISE_0 NOISE_5 K22 VALUE_0 NOISE_0 NOISE_7 NOISE_0 NOISE_0 K10 VALUE_1 NOISE_0 NOISE_0 NOISE_6 NOISE_2 NOISE_1 NOISE_5 NOISE_3 NOISE_5 K26 VALUE_1 NOISE_2 NOISE_2 NOISE_7 NOISE_1 NOISE_7 NOISE_2 K18 VALUE_1 NOISE_0 NOISE_2 NOISE_6 NOISE_0 NOISE_3 NOISE_3 NOISE_1 NOISE_0 NOISE_6 NOISE_1 K8 VALUE_1 K0 VALUE_1 K7 VALUE_1 NOISE_3 NOISE_2 NOISE_0 NOISE_0 NOISE_4 NOISE_7 K19 VALUE_0 NOISE_4 NOISE_4 NOISE_7 NOISE_4 NOISE_7 NOISE_5 NOISE_0 NOISE_3 NOISE_0 K30 VALUE_1 NOISE_7 NOISE_7 NOISE_3 NOISE_7 NOISE_4 NOISE_3 NOISE_3 NOISE_1 NOISE_1 NOISE_0 NOISE_5 NOISE_6 NOISE_1 NOISE_4 NOISE_7 NOISE_5 NOISE_2 NOISE_4 NOISE_2 NOISE_1 NOISE_0 NOISE_4 NOISE_3 NOISE_4 NOISE_2 NOISE_4 NOISE_2 NOISE_3 NOISE_1 NOISE_4 K17 VALUE_1 NOISE_3 NOISE_3 NOISE_0 NOISE_7 NOISE_1 NOISE_2 NOISE_1 NOISE_2 NOISE_3 NOISE_7 NOISE_1 NOISE_7 NOISE_7 K24 VALUE_0 NOISE_2 NOISE_5 NOISE_0 NOISE_0 NOISE_4 NOISE_6 NOISE_0 NOISE_0 NOISE_2 NOISE_5 NOISE_7 NOISE_1 NOISE_6 NOISE_6 NOISE_1 NOISE_5 NOISE_3 NOISE_6 NOISE_4 NOISE_6 NOISE_7 NOISE_4 NOISE_1 NOISE_6 NOISE_3 NOISE_6 NOISE_1 K12 VALUE_0 NOISE_5 NOISE_6 NOISE_4 NOISE_0 NOISE_7 NOISE_4 NOISE_7 NOISE_1 NOISE_2 NOISE_2 NOISE_0 NOISE_0 NOISE_4 NOISE_2 NOISE_2 NOISE_4 NOISE_0 NOISE_2 NOISE_1 NOISE_7 NOISE_0 NOISE_4 NOISE_0 NOISE_3 NOISE_0 NOISE_4 NOISE_1 NOISE_7 NOISE_2 NOISE_2 NOISE_7 NOISE_3 NOISE_3 NOISE_1 NOISE_5 NOISE_0 NOISE_3 NOISE_3 NOISE_6 NOISE_6 NOISE_1 NOISE_1 NOISE_1 NOISE_4 NOISE_0 NOISE_0 NOISE_7 NOISE_4 NOISE_2 NOISE_4 NOISE_4 NOISE_5 NOISE_0 NOISE_0 NOISE_6 NOISE_3 NOISE_5 NOISE_4 NOISE_5 K11 VALUE_1 NOISE_4 NOISE_7 NOISE_4 NOISE_5 NOISE_3 NOISE_5 NOISE_7 NOISE_3 NOISE_2 NOISE_7 NOISE_7 NOISE_0 NOISE_0 K16 VALUE_1 NOISE_5 NOISE_5 K20 VALUE_0 K14 VALUE_0 NOISE_1 NOISE_0 NOISE_7 NOISE_0 NOISE_1 NOISE_1 NOISE_6 NOISE_2 NOISE_4 NOISE_5 NOISE_0 NOISE_0 NOISE_7 NOISE_0 NOISE_5 NOISE_4 NOISE_2 NOISE_7 NOISE_2 NOISE_5 NOISE_7 NOISE_0 NOISE_3 NOISE_7 NOISE_1 NOISE_1 NOISE_7 NOISE_3 NOISE_1 NOISE_0 NOISE_3 NOISE_7 NOISE_5 NOISE_6 NOISE_5 NOISE_3 NOISE_3 NOISE_5 NOISE_7 NOISE_1 NOISE_1 NOISE_0 NOISE_2 K1 VALUE_0 NOISE_7 NOISE_7 NOISE_5 NOISE_6 NOISE_5 NOISE_1 NOISE_2 NOISE_7 NOISE_7 NOISE_3 NOISE_4 NOISE_3 NOISE_5 NOISE_3 NOISE_6 NOISE_4 NOISE_5 Q18
6,K17,VALUE_0,16,1151,NOISE_1 NOISE_7 NOISE_2 NOISE_0 NOISE_2 NOISE_6 NOISE_6 K27 VALUE_1 NOISE_6 NOISE_4 K4 VALUE_1 NOISE_2 NOISE_6 NOISE_1 NOISE_3 NOISE_6 NOISE_0 NOISE_3 NOISE_7 NOISE_0 NOISE_4 NOISE_2 NOISE_1 NOISE_0 NOISE_4 NOISE_1 NOISE_4 NOISE_0 NOISE_5 K26 VALUE_1 NOISE_1 NOISE_1 NOISE_0 NOISE_0 NOISE_0 NOISE_6 NOISE_6 NOISE_0 K9 VALUE_0 NOISE_4 NOISE_1 NOISE_7 NOISE_4 NOISE_7 NOISE_5 NOISE_7 NOISE_0 NOISE_2 NOISE_3 NOISE_6 NOISE_7 NOISE_6 NOISE_1 NOISE_4 NOISE_4 NOISE_4 NOISE_3 NOISE_3 NOISE_6 NOISE_5 NOISE_2 NOISE_2 NOISE_3 NOISE_3 NOISE_7 NOISE_1 NOISE_0 K30 VALUE_0 NOISE_5 NOISE_3 NOISE_4 NOISE_6 NOISE_2 NOISE_3 NOISE_6 NOISE_1 NOISE_2 NOISE_0 NOISE_0 NOISE_1 NOISE_3 NOISE_1 NOISE_4 NOISE_3 NOISE_1 NOISE_2 NOISE_6 NOISE_3 NOISE_2 NOISE_3 NOISE_3 NOISE_4 NOISE_0 NOISE_5 NOISE_4 NOISE_3 NOISE_5 NOISE_6 NOISE_5 NOISE_0 NOISE_6 NOISE_7 NOISE_0 NOISE_5 NOISE_2 NOISE_0 NOISE_3 NOISE_2 NOISE_3 NOISE_3 NOISE_4 NOISE_3 NOISE_3 NOISE_1 NOISE_5 NOISE_3 NOISE_4 NOISE_5 NOISE_1 NOISE_6 NOISE_1 NOISE_3 NOISE_0 NOISE_3 NOISE_5 NOISE_7 NOISE_7 NOISE_0 NOISE_5 NOISE_4 NOISE_1 K13 VALUE_0 NOISE_5 NOISE_0 NOISE_1 NOISE_5 NOISE_1 NOISE_7 NOISE_1 NOISE_5 NOISE_7 NOISE_4 NOISE_1 NOISE_7 NOISE_7 K20 VALUE_1 NOISE_1 NOISE_3 NOISE_1 NOISE_0 NOISE_4 NOISE_2 NOISE_5 NOISE_5 NOISE_7 NOISE_1 NOISE_1 NOISE_7 NOISE_4 NOISE_3 NOISE_3 NOISE_6 NOISE_4 NOISE_7 NOISE_0 NOISE_0 NOISE_7 NOISE_2 NOISE_1 NOISE_4 NOISE_2 NOISE_2 NOISE_7 NOISE_1 NOISE_2 NOISE_5 NOISE_0 NOISE_1 NOISE_7 NOISE_5 NOISE_4 NOISE_2 NOISE_0 NOISE_4 NOISE_6 NOISE_3 NOISE_2 NOISE_7 NOISE_6 NOISE_7 NOISE_0 NOISE_7 NOISE_7 NOISE_2 NOISE_6 NOISE_4 NOISE_0 NOISE_4 NOISE_1 NOISE_5 NOISE_5 NOISE_1 NOISE_6 NOISE_6 NOISE_2 NOISE_5 NOISE_6 NOISE_7 NOISE_3 NOISE_4 NOISE_3 NOISE_3 NOISE_4 NOISE_6 NOISE_5 NOISE_7 NOISE_6 NOISE_3 NOISE_5 NOISE_3 NOISE_3 NOISE_2 NOISE_3 NOISE_7 NOISE_5 NOISE_2 NOISE_6 NOISE_6 NOISE_7 NOISE_6 NOISE_7 NOISE_3 K25 VALUE_0 NOISE_6 NOISE_7 NOISE_0 NOISE_1 NOISE_0 NOISE_0 NOISE_4 NOISE_3 NOISE_5 NOISE_2 NOISE_0 NOISE_5 NOISE_2 NOISE_3 K6 VALUE_1 NOISE_3 NOISE_6 K1 VALUE_0 NOISE_7 K8 VALUE_0 NOISE_4 NOISE_1 NOISE_7 NOISE_7 NOISE_4 NOISE_6 NOISE_2 NOISE_1 NOISE_6 NOISE_2 K23 VALUE_1 NOISE_5 NOISE_6 NOISE_0 NOISE_5 NOISE_0 K5 VALUE_0 NOISE_3 NOISE_3 NOISE_0 K10 VALUE_1 NOISE_4 NOISE_7 NOISE_6 NOISE_1 NOISE_1 NOISE_5 NOISE_5 NOISE_3 NOISE_0 NOISE_3 NOISE_7 NOISE_0 NOISE_1 NOISE_2 K16 VALUE_0 NOISE_0 NOISE_6 NOISE_2 NOISE_5 NOISE_2 NOISE_7 NOISE_3 NOISE_4 NOISE_5 NOISE_3 NOISE_3 NOISE_5 NOISE_3 NOISE_2 NOISE_2 NOISE_1 NOISE_2 NOISE_4 NOISE_4 NOISE_3 NOISE_3 NOISE_6 NOISE_1 K21 VALUE_0 NOISE_3 NOISE_7 NOISE_2 NOISE_1 NOISE_0 NOISE_7 NOISE_0 K15 VALUE_1 NOISE_4 NOISE_5 NOISE_7 NOISE_0 NOISE_5 NOISE_0 NOISE_6 NOISE_6 NOISE_3 NOISE_3 NOISE_1 NOISE_4 NOISE_0 NOISE_3 NOISE_1 NOISE_7 NOISE_5 NOISE_3 NOISE_2 NOISE_3 NOISE_6 NOISE_7 NOISE_5 NOISE_7 NOISE_3 NOISE_5 NOISE_7 NOISE_2 NOISE_2 NOISE_1 NOISE_4 NOISE_3 NOISE_1 NOISE_6 NOISE_2 NOISE_6 NOISE_2 NOISE_3 NOISE_3 NOISE_6 NOISE_7 NOISE_1 NOISE_1 NOISE_3 NOISE_5 NOISE_4 NOISE_0 NOISE_1 NOISE_1 K12 VALUE_1 NOISE_6 NOISE_0 NOISE_3 NOISE_6 NOISE_1 NOISE_4 NOISE_3 NOISE_7 NOISE_6 NOISE_6 NOISE_4 NOISE_5 NOISE_5 NOISE_5 NOISE_4 NOISE_5 NOISE_0 NOISE_4 NOISE_0 NOISE_5 NOISE_3 NOISE_6 NOISE_5 NOISE_6 NOISE_4 NOISE_7 NOISE_3 NOISE_3 NOISE_3 NOISE_6 NOISE_4 NOISE_6 NOISE_5 NOISE_0 NOISE_7 NOISE_0 NOISE_1 NOISE_5 NOISE_3 NOISE_1 NOISE_3 NOISE_5 NOISE_7 NOISE_6 NOISE_4 NOISE_3 NOISE_3 NOISE_1 NOISE_5 NOISE_1 NOISE_0 NOISE_5 NOISE_1 NOISE_3 NOISE_4 NOISE_7 NOISE_2 NOISE_2 NOISE_5 NOISE_3 NOISE_7 NOISE_7 NOISE_5 NOISE_3 NOISE_4 NOISE_5 K28 VALUE_1 K18 VALUE_0 NOISE_7 NOISE_6 NOISE_6 NOISE_7 NOISE_7 K2 VALUE_1 NOISE_6 NOISE_7 NOISE_7 NOISE_6 NOISE_3 NOISE_7 NOISE_3 NOISE_4 NOISE_3 NOISE_4 NOISE_1 NOISE_3 NOISE_4 NOISE_6 NOISE_2 NOISE_4 NOISE_0 NOISE_2 NOISE_6 NOISE_2 NOISE_1 NOISE_4 NOISE_0 NOISE_4 NOISE_5 NOISE_0 NOISE_4 NOISE_7 K17 VALUE_0 NOISE_0 NOISE_6 NOISE_6 K29 VALUE_1 K7 VALUE_0 NOISE_5 NOISE_0 NOISE_1 NOISE_1 NOISE_6 NOISE_6 NOISE_2 NOISE_2 Q17
7,K17,VALUE_0,384,6479,NOISE_6 NOISE_6 NOISE_7 NOISE_3 NOISE_0 NOISE_2 NOISE_5 NOISE_3 NOISE_7 NOISE_3 NOISE_3 NOISE_6 NOISE_5 NOISE_7 NOISE_2 NOISE_5 NOISE_4 NOISE_3 NOISE_5 NOISE_2 NOISE_2 NOISE_1 NOISE_3 NOISE_7 NOISE_6 NOISE_4 NOISE_6 NOISE_5 NOISE_5 K12 VALUE_0 NOISE_5 NOISE_1 NOISE_2 NOISE_7 NOISE_3 NOISE_6 NOISE_7 NOISE_0 NOISE_5 NOISE_4 NOISE_2 NOISE_5 NOISE_7 NOISE_4 NOISE_0 NOISE_2 K14 VALUE_0 NOISE_6 NOISE_4 NOISE_3 NOISE_6 NOISE_3 NOISE_0 NOISE_0 NOISE_5 NOISE_6 NOISE_5 NOISE_6 NOISE_1 NOISE_0 NOISE_2 NOISE_1 K18 VALUE_0 NOISE_1 NOISE_7 NOISE_3 NOISE_1 NOISE_0 NOISE_7 NOISE_0 NOISE_3 NOISE_7 NOISE_6 NOISE_5 NOISE_6 NOISE_7 NOISE_5 NOISE_0 NOISE_2 NOISE_4 NOISE_3 NOISE_6 NOISE_1 NOISE_1 NOISE_6 NOISE_5 NOISE_5 NOISE_3 NOISE_3 NOISE_3 NOISE_3 NOISE_0 NOISE_3 NOISE_6 NOISE_2 NOISE_6 NOISE_6 NOISE_3 NOISE_5 NOISE_4 K9 VALUE_1 NOISE_0 NOISE_2 NOISE_6 NOISE_3 NOISE_7 NOISE_7 NOISE_3 NOISE_0 NOISE_6 NOISE_6 NOISE_0 NOISE_3 K30 VALUE_1 NOISE_7 NOISE_1 NOISE_1 NOISE_3 NOISE_3 NOISE_0 NOISE_2 K17 VALUE_0 NOISE_1 NOISE_2 NOISE_0 NOISE_0 NOISE_4 NOISE_6 NOISE_7 K10 VALUE_1 NOISE_7 NOISE_4 NOISE_5 NOISE_3 NOISE_4 NOISE_2 NOISE_0 NOISE_6 NOISE_2 NOISE_6 NOISE_1 NOISE_1 NOISE_0 NOISE_4 NOISE_2 NOISE_4 NOISE_0 NOISE_2 NOISE_6 NOISE_6 NOISE_1 NOISE_3 NOISE_5 NOISE_1 NOISE_4 NOISE_1 NOISE_7 NOISE_4 NOISE_5 NOISE_1 NOISE_3 NOISE_4 K0 VALUE_1 NOISE_4 NOISE_4 NOISE_0 NOISE_7 NOISE_4 NOISE_0 NOISE_5 NOISE_0 NOISE_0 NOISE_2 NOISE_0 NOISE_5 NOISE_3 K31 VALUE_0 NOISE_2 NOISE_4 NOISE_1 K20 VALUE_0 NOISE_7 NOISE_0 NOISE_0 NOISE_6 NOISE_5 K25 VALUE_1 NOISE_0 NOISE_2 NOISE_4 NOISE_6 NOISE_0 NOISE_0 K15 VALUE_1 NOISE_3 NOISE_5 NOISE_1 NOISE_5 NOISE_0 NOISE_7 K6 VALUE_1 NOISE_6 NOISE_4 NOISE_5 NOISE_0 NOISE_1 NOISE_5 NOISE_1 NOISE_7 K26 VALUE_0 NOISE_6 NOISE_6 NOISE_1 NOISE_7 NOISE_6 NOISE_7 NOISE_4 NOISE_4 NOISE_5 NOISE_0 NOISE_2 NOISE_2 NOISE_6 NOISE_3 NOISE_5 NOISE_5 NOISE_7 NOISE_2 NOISE_1 NOISE_3 NOISE_3 NOISE_7 NOISE_5 NOISE_5 NOISE_7 NOISE_1 NOISE_6 NOISE_5 NOISE_7 NOISE_4 NOISE_6 NOISE_5 NOISE_6 NOISE_5 NOISE_7 NOISE_5 NOISE_3 NOISE_0 NOISE_2 NOISE_4 NOISE_1 NOISE_2 NOISE_2 NOISE_6 NOISE_5 NOISE_2 NOISE_1 NOISE_5 NOISE_0 NOISE_6 K1 VALUE_0 NOISE_0 NOISE_0 NOISE_0 NOISE_7 NOISE_6 NOISE_5 NOISE_6 NOISE_1 NOISE_1 NOISE_0 NOISE_1 NOISE_4 NOISE_6 NOISE_2 NOISE_2 NOISE_0 NOISE_3 NOISE_2 NOISE_5 NOISE_7 NOISE_2 NOISE_3 NOISE_1 NOISE_2 NOISE_2 NOISE_4 NOISE_2 K2 VALUE_1 NOISE_6 NOISE_5 NOISE_7 NOISE_4 NOISE_0 NOISE_0 NOISE_5 NOISE_5 NOISE_3 K7 VALUE_0 NOISE_3 NOISE_7 NOISE_7 NOISE_0 NOISE_4 NOISE_0 NOISE_5 NOISE_2 NOISE_5 NOISE_1 NOISE_7 NOISE_4 NOISE_7 NOISE_7 NOISE_5 NOISE_4 NOISE_5 NOISE_1 NOISE_3 NOISE_4 NOISE_3 NOISE_4 NOISE_1 NOISE_0 NOISE_7 NOISE_5 NOISE_3 NOISE_2 NOISE_0 NOISE_6 K29 VALUE_1 NOISE_5 NOISE_4 K22 VALUE_1 NOISE_6 NOISE_4 NOISE_0 NOISE_6 NOISE_3 NOISE_3 NOISE_5 NOISE_6 NOISE_4 NOISE_3 NOISE_3 NOISE_2 NOISE_6 NOISE_5 NOISE_2 NOISE_5 NOISE_2 NOISE_6 NOISE_1 NOISE_2 NOISE_1 NOISE_4 NOISE_7 NOISE_4 NOISE_7 NOISE_0 NOISE_6 NOISE_4 NOISE_0 NOISE_2 NOISE_3 NOISE_3 NOISE_4 NOISE_6 NOISE_1 NOISE_0 NOISE_6 NOISE_5 NOISE_3 NOISE_4 NOISE_5 NOISE_6 NOISE_3 NOISE_3 NOISE_6 NOISE_7 NOISE_6 NOISE_1 NOISE_1 NOISE_7 NOISE_5 NOISE_0 NOISE_7 NOISE_5 NOISE_4 NOISE_7 NOISE_1 NOISE_5 NOISE_4 NOISE_7 NOISE_7 NOISE_6 NOISE_5 NOISE_7 NOISE_0 NOISE_6 NOISE_3 NOISE_1 NOISE_3 NOISE_1 K27 VALUE_0 NOISE_1 NOISE_3 NOISE_5 NOISE_7 NOISE_4 NOISE_4 NOISE_7 NOISE_3 NOISE_4 K16 VALUE_0 NOISE_5 NOISE_5 NOISE_1 K5 VALUE_0 NOISE_5 K11 VALUE_1 NOISE_6 NOISE_1 NOISE_4 NOISE_0 NOISE_3 NOISE_1 K4 VALUE_1 NOISE_3 NOISE_2 NOISE_5 NOISE_1 NOISE_5 NOISE_0 NOISE_7 NOISE_0 NOISE_0 NOISE_3 NOISE_1 NOISE_1 NOISE_4 NOISE_3 NOISE_5 NOISE_4 NOISE_4 NOISE_0 NOISE_4 NOISE_3 NOISE_4 NOISE_5 NOISE_5 NOISE_4 NOISE_0 NOISE_1 NOISE_0 NOISE_2 NOISE_2 NOISE_1 NOISE_7 NOISE_1 NOISE_2 NOISE_7 NOISE_3 NOISE_0 NOISE_7 NOISE_2 NOISE_5 NOISE_6 NOISE_3 NOISE_5 NOISE_3 NOISE_5 NOISE_5 NOISE_6 NOISE_3 NOISE_7 NOISE_2 NOISE_1 NOISE_2 NOISE_2 NOISE_7 NOISE_6 NOISE_0 NOISE_7 NOISE_5 NOISE_7 NOISE_7 NOISE_7 Q17
8,K24,VALUE_0,64,1905,NOISE_6 NOISE_1 NOISE_0 NOISE_2 NOISE_7 NOISE_5 NOISE_6 NOISE_6 NOISE_0 NOISE_0 NOISE_4 NOISE_6 K15 VALUE_1 NOISE_2 NOISE_5 NOISE_0 NOISE_6 NOISE_6 NOISE_1 NOISE_4 NOISE_6 NOISE_6 NOISE_2 NOISE_1 NOISE_4 NOISE_0 NOISE_5 NOISE_2 NOISE_5 NOISE_1 NOISE_1 NOISE_0 NOISE_3 NOISE_6 NOISE_6 NOISE_1 NOISE_3 NOISE_2 NOISE_7 NOISE_6 NOISE_4 NOISE_7 NOISE_0 NOISE_1 NOISE_6 NOISE_2 NOISE_4 NOISE_2 NOISE_2 NOISE_7 NOISE_4 NOISE_6 NOISE_0 NOISE_1 NOISE_3 NOISE_2 NOISE_1 NOISE_6 NOISE_3 NOISE_1 NOISE_7 NOISE_4 NOISE_3 NOISE_5 NOISE_4 NOISE_0 NOISE_7 NOISE_5 NOISE_0 NOISE_3 NOISE_6 NOISE_3 NOISE_3 NOISE_4 NOISE_3 NOISE_5 NOISE_5 NOISE_5 NOISE_3 NOISE_7 NOISE_6 NOISE_0 NOISE_1 NOISE_6 NOISE_1 NOISE_3 NOISE_4 NOISE_7 NOISE_3 NOISE_0 NOISE_7 NOISE_5 NOISE_0 NOISE_0 NOISE_2 NOISE_0 NOISE_0 NOISE_3 NOISE_5 NOISE_3 NOISE_6 NOISE_1 NOISE_0 NOISE_5 NOISE_5 NOISE_1 NOISE_7 NOISE_2 NOISE_2 NOISE_1 NOISE_1 NOISE_1 NOISE_6 NOISE_0 NOISE_2 NOISE_7 NOISE_2 NOISE_2 K6 VALUE_1 NOISE_7 NOISE_7 K14 VALUE_1 NOISE_3 NOISE_1 NOISE_7 NOISE_2 NOISE_7 NOISE_3 NOISE_1 NOISE_4 K17 VALUE_0 NOISE_0 NOISE_2 NOISE_3 NOISE_5 NOISE_0 NOISE_7 NOISE_1 NOISE_2 NOISE_1 NOISE_5 NOISE_6 NOISE_0 NOISE_0 NOISE_2 NOISE_5 NOISE_2 NOISE_5 NOISE_6 NOISE_2 NOISE_4 NOISE_7 K10 VALUE_0 K26 VALUE_0 NOISE_6 NOISE_3 K25 VALUE_0 NOISE_3 NOISE_0 NOISE_2 NOISE_7 NOISE_7 NOISE_6 NOISE_4 NOISE_5 NOISE_1 NOISE_3 NOISE_3 NOISE_6 NOISE_6 NOISE_1 NOISE_6 NOISE_0 NOISE_4 NOISE_2 NOISE_5 NOISE_1 NOISE_0 NOISE_6 NOISE_5 NOISE_6 NOISE_4 NOISE_1 NOISE_6 NOISE_4 NOISE_3 NOISE_1 NOISE_7 NOISE_0 NOISE_2 K29 VALUE_1 NOISE_3 NOISE_0 NOISE_2 NOISE_2 NOISE_3 NOISE_0 NOISE_4 NOISE_0 NOISE_3 NOISE_2 NOISE_0 NOISE_3 K2 VALUE_0 NOISE_6 NOISE_4 NOISE_2 NOISE_6 NOISE_2 NOISE_7 NOISE_6 K28 VALUE_1 NOISE_0 NOISE_4 NOISE_0 K23 VALUE_1 NOISE_2 NOISE_0 NOISE_3 NOISE_4 NOISE_1 NOISE_6 NOISE_3 NOISE_2 NOISE_6 NOISE_2 NOISE_2 NOISE_7 NOISE_3 NOISE_4 NOISE_3 NOISE_1 NOISE_5 NOISE_2 NOISE_4 NOISE_5 NOISE_2 NOISE_4 NOISE_5 NOISE_5 NOISE_3 NOISE_2 NOISE_2 NOISE_4 NOISE_2 NOISE_2 NOISE_6 NOISE_3 NOISE_4 NOISE_0 NOISE_1 NOISE_7 NOISE_7 NOISE_2 NOISE_6 NOISE_5 NOISE_6 NOISE_1 NOISE_7 NOISE_5 NOISE_6 NOISE_5 NOISE_2 NOISE_7 NOISE_3 NOISE_0 NOISE_3 NOISE_4 NOISE_1 NOISE_0 NOISE_0 NOISE_2 NOISE_1 NOISE_2 NOISE_7 NOISE_5 NOISE_2 NOISE_6 K3 VALUE_0 NOISE_5 K31 VALUE_0 NOISE_5 NOISE_3 NOISE_6 NOISE_0 NOISE_3 NOISE_4 NOISE_5 NOISE_0 NOISE_2 NOISE_5 NOISE_2 NOISE_6 NOISE_7 NOISE_1 NOISE_5 NOISE_1 K8 VALUE_1 NOISE_5 NOISE_4 NOISE_2 NOISE_6 NOISE_2 NOISE_3 NOISE_3 K19 VALUE_1 K7 VALUE_1 NOISE_7 K20 VALUE_0 NOISE_6 NOISE_3 NOISE_3 NOISE_0 NOISE_3 NOISE_6 NOISE_3 NOISE_0 NOISE_4 NOISE_3 NOISE_2 NOISE_6 NOISE_0 NOISE_4 NOISE_6 NOISE_6 NOISE_6 NOISE_2 NOISE_1 NOISE_0 NOISE_3 NOISE_1 NOISE_7 NOISE_2 NOISE_0 NOISE_0 NOISE_4 NOISE_4 NOISE_1 NOISE_1 NOISE_5 NOISE_7 NOISE_1 NOISE_4 NOISE_2 NOISE_7 NOISE_2 NOISE_0 NOISE_6 NOISE_1 NOISE_3 NOISE_2 NOISE_4 K1 VALUE_0 NOISE_1 NOISE_2 NOISE_5 NOISE_2 NOISE_4 NOISE_2 NOISE_6 NOISE_3 NOISE_7 NOISE_6 NOISE_3 NOISE_7 NOISE_6 NOISE_7 NOISE_1 NOISE_1 NOISE_6 NOISE_4 NOISE_0 NOISE_0 NOISE_1 NOISE_4 NOISE_1 NOISE_3 NOISE_3 K21 VALUE_1 NOISE_7 NOISE_5 NOISE_3 NOISE_6 NOISE_1 K18 VALUE_1 NOISE_7 NOISE_7 NOISE_5 NOISE_3 NOISE_7 NOISE_0 NOISE_7 NOISE_7 NOISE_7 NOISE_3 NOISE_6 K0 VALUE_0 NOISE_3 NOISE_5 NOISE_3 K22 VALUE_0 NOISE_7 NOISE_5 NOISE_6 NOISE_4 NOISE_6 NOISE_7 NOISE_7 NOISE_7 NOISE_5 NOISE_0 NOISE_6 NOISE_5 NOISE_4 NOISE_4 NOISE_4 NOISE_6 NOISE_3 NOISE_1 NOISE_5 NOISE_4 NOISE_3 NOISE_3 NOISE_3 K24 VALUE_0 NOISE_3 NOISE_7 NOISE_4 NOISE_4 NOISE_6 NOISE_1 NOISE_1 NOISE_3 NOISE_5 NOISE_5 NOISE_6 NOISE_2 NOISE_2 NOISE_5 NOISE_7 NOISE_6 NOISE_4 NOISE_0 NOISE_7 NOISE_4 NOISE_6 NOISE_0 NOISE_1 NOISE_2 NOISE_1 NOISE_3 NOISE_0 NOISE_4 NOISE_5 NOISE_0 NOISE_5 NOISE_4 NOISE_7 NOISE_4 NOISE_5 NOISE_2 NOISE_1 NOISE_2 NOISE_0 NOISE_1 NOISE_5 NOISE_1 NOISE_3 NOISE_6 NOISE_0 NOISE_7 NOISE_7 NOISE_3 NOISE_6 NOISE_7 NOISE_0 NOISE_6 NOISE_5 K9 VALUE_1 NOISE_5 NOISE_2 NOISE_1 NOISE_2 NOISE_5 NOISE_6 NOISE_7 NOISE_0 Q24
9,K19,VALUE_1,256,4676,NOISE_4 NOISE_7 NOISE_2 NOISE_4 NOISE_2 NOISE_5 NOISE_7 NOISE_7 NOISE_1 NOISE_0 NOISE_7 NOISE_7 NOISE_6 NOISE_7 NOISE_7 NOISE_1 NOISE_5 NOISE_3 NOISE_4 NOISE_2 NOISE_2 NOISE_7 NOISE_4 NOISE_1 NOISE_1 K20 VALUE_1 NOISE_2 NOISE_6 NOISE_4 NOISE_1 NOISE_4 NOISE_3 NOISE_4 NOISE_1 NOISE_4 NOISE_1 NOISE_0 NOISE_7 NOISE_4 NOISE_4 NOISE_4 NOISE_0 NOISE_0 NOISE_4 NOISE_6 NOISE_1 NOISE_1 NOISE_4 NOISE_4 NOISE_7 NOISE_0 NOISE_2 NOISE_7 NOISE_6 NOISE_3 NOISE_6 NOISE_2 NOISE_6 NOISE_3 NOISE_5 NOISE_3 NOISE_4 K8 VALUE_1 NOISE_1 NOISE_5 NOISE_7 NOISE_6 NOISE_7 NOISE_7 NOISE_2 NOISE_2 NOISE_3 NOISE_0 NOISE_4 NOISE_6 NOISE_7 NOISE_3 NOISE_0 NOISE_4 NOISE_6 NOISE_0 NOISE_1 NOISE_6 NOISE_3 K21 VALUE_1 NOISE_7 NOISE_0 NOISE_3 NOISE_0 NOISE_2 NOISE_1 NOISE_5 NOISE_0 NOISE_4 NOISE_2 NOISE_6 NOISE_1 NOISE_2 NOISE_2 NOISE_4 NOISE_1 NOISE_3 NOISE_0 NOISE_5 NOISE_7 NOISE_2 K29 VALUE_1 NOISE_2 NOISE_3 NOISE_7 NOISE_2 NOISE_0 NOISE_6 NOISE_7 NOISE_5 NOISE_7 NOISE_1 NOISE_0 NOISE_1 NOISE_6 NOISE_4 NOISE_7 NOISE_3 K3 VALUE_0 NOISE_1 NOISE_4 K6 VALUE_1 NOISE_3 NOISE_2 NOISE_2 NOISE_4 NOISE_3 NOISE_3 NOISE_0 NOISE_0 NOISE_2 NOISE_1 NOISE_0 NOISE_7 NOISE_7 NOISE_4 NOISE_2 K13 VALUE_0 NOISE_3 NOISE_3 K4 VALUE_1 NOISE_0 NOISE_3 NOISE_2 NOISE_2 NOISE_4 NOISE_3 NOISE_1 K1 VALUE_0 NOISE_5 NOISE_7 NOISE_0 NOISE_6 NOISE_7 NOISE_4 NOISE_0 NOISE_1 NOISE_5 NOISE_1 NOISE_1 NOISE_5 NOISE_5 NOISE_3 NOISE_4 NOISE_0 NOISE_2 NOISE_0 NOISE_0 NOISE_6 NOISE_6 NOISE_4 NOISE_6 NOISE_3 NOISE_1 NOISE_2 NOISE_4 NOISE_1 NOISE_0 NOISE_4 NOISE_0 NOISE_0 NOISE_0 NOISE_7 NOISE_3 NOISE_3 NOISE_3 NOISE_4 NOISE_4 NOISE_1 NOISE_5 NOISE_6 NOISE_3 NOISE_1 NOISE_3 NOISE_4 NOISE_0 NOISE_3 NOISE_2 K12 VALUE_0 NOISE_5 NOISE_4 NOISE_2 NOISE_0 NOISE_0 NOISE_4 NOISE_0 NOISE_6 NOISE_5 NOISE_6 NOISE_4 NOISE_2 NOISE_6 K9 VALUE_0 NOISE_3 NOISE_5 NOISE_5 NOISE_6 NOISE_0 NOISE_1 NOISE_6 NOISE_3 NOISE_5 NOISE_5 K2 VALUE_0 NOISE_3 NOISE_1 NOISE_1 NOISE_6 K22 VALUE_0 NOISE_1 NOISE_0 NOISE_5 NOISE_2 NOISE_7 K24 VALUE_0 K19 VALUE_1 NOISE_6 NOISE_2 NOISE_7 NOISE_2 NOISE_3 NOISE_7 NOISE_3 NOISE_0 NOISE_1 K7 VALUE_1 NOISE_3 NOISE_3 NOISE_3 NOISE_3 NOISE_3 NOISE_0 NOISE_4 NOISE_4 NOISE_3 NOISE_4 NOISE_6 NOISE_2 NOISE_5 NOISE_0 NOISE_3 NOISE_0 NOISE_7 NOISE_5 NOISE_0 NOISE_6 NOISE_6 NOISE_0 NOISE_4 NOISE_4 NOISE_3 NOISE_5 NOISE_4 NOISE_2 NOISE_5 NOISE_3 NOISE_1 NOISE_3 NOISE_2 NOISE_5 NOISE_4 NOISE_7 NOISE_7 NOISE_3 NOISE_4 NOISE_3 NOISE_3 NOISE_5 NOISE_7 NOISE_0 NOISE_6 NOISE_4 NOISE_5 NOISE_4 NOISE_2 NOISE_3 NOISE_6 NOISE_2 NOISE_2 NOISE_2 NOISE_1 NOISE_6 NOISE_7 NOISE_3 NOISE_4 NOISE_7 NOISE_4 NOISE_6 NOISE_4 NOISE_1 NOISE_2 NOISE_6 NOISE_1 NOISE_1 NOISE_5 NOISE_5 NOISE_5 K15 VALUE_0 NOISE_5 NOISE_4 NOISE_4 NOISE_2 NOISE_4 NOISE_7 NOISE_0 NOISE_5 K18 VALUE_1 NOISE_5 NOISE_3 NOISE_3 NOISE_4 NOISE_4 NOISE_0 K31 VALUE_0 NOISE_3 NOISE_7 NOISE_4 NOISE_1 NOISE_5 NOISE_5 NOISE_6 NOISE_1 NOISE_3 NOISE_5 NOISE_5 NOISE_3 K10 VALUE_1 NOISE_1 NOISE_2 NOISE_6 NOISE_3 NOISE_2 NOISE_0 NOISE_6 NOISE_3 NOISE_5 NOISE_7 NOISE_4 NOISE_7 NOISE_4 NOISE_6 NOISE_2 NOISE_6 K16 VALUE_0 NOISE_2 NOISE_0 NOISE_6 NOISE_1 NOISE_0 NOISE_6 NOISE_6 NOISE_6 NOISE_0 NOISE_4 NOISE_5 NOISE_3 NOISE_0 NOISE_7 NOISE_2 NOISE_7 K27 VALUE_1 NOISE_5 NOISE_2 NOISE_7 NOISE_3 NOISE_0 NOISE_5 NOISE_5 NOISE_7 NOISE_7 NOISE_5 NOISE_6 NOISE_5 NOISE_7 NOISE_3 NOISE_5 NOISE_0 NOISE_6 NOISE_0 NOISE_2 NOISE_6 NOISE_4 NOISE_5 NOISE_5 NOISE_6 NOISE_1 NOISE_4 NOISE_0 K14 VALUE_1 NOISE_6 NOISE_6 NOISE_4 NOISE_4 NOISE_3 NOISE_2 NOISE_1 NOISE_2 NOISE_1 K11 VALUE_0 NOISE_7 NOISE_0 NOISE_3 NOISE_7 NOISE_3 NOISE_4 NOISE_3 NOISE_6 NOISE_4 NOISE_0 NOISE_3 NOISE_3 NOISE_1 NOISE_7 NOISE_4 NOISE_0 NOISE_7 NOISE_7 NOISE_3 NOISE_4 NOISE_3 NOISE_1 NOISE_7 NOISE_3 NOISE_0 NOISE_4 NOISE_0 NOISE_7 NOISE_7 NOISE_2 NOISE_3 NOISE_5 NOISE_1 NOISE_0 NOISE_1 NOISE_0 NOISE_3 NOISE_7 NOISE_5 NOISE_7 NOISE_7 NOISE_6 NOISE_7 NOISE_4 NOISE_3 NOISE_2 NOISE_5 NOISE_5 NOISE_4 NOISE_4 NOISE_2 NOISE_0 NOISE_7 NOISE_1 NOISE_1 NOISE_4 NOISE_0 NOISE_1 NOISE_0 NOISE_2 NOISE_5 NOISE_5 NOISE_1 Q19
10,K28,VALUE_0,384,6448,K21 VALUE_1 NOISE_7 NOISE_2 NOISE_1 NOISE_1 NOISE_4 NOISE_1 NOISE_0 NOISE_3 NOISE_6 NOISE_2 NOISE_5 NOISE_2 NOISE_6 NOISE_6 NOISE_7 NOISE_7 NOISE_6 NOISE_3 NOISE_1 NOISE_6 K24 VALUE_1 NOISE_5 K11 VALUE_1 NOISE_5 NOISE_4 NOISE_3 NOISE_4 NOISE_5 NOISE_1 NOISE_4 NOISE_7 NOISE_2 NOISE_0 NOISE_4 NOISE_6 NOISE_2 NOISE_7 NOISE_4 NOISE_1 NOISE_6 NOISE_0 NOISE_7 NOISE_6 NOISE_7 NOISE_5 NOISE_1 NOISE_6 NOISE_2 NOISE_7 NOISE_1 NOISE_4 NOISE_1 NOISE_1 NOISE_5 NOISE_5 NOISE_2 NOISE_7 NOISE_5 NOISE_0 NOISE_7 K3 VALUE_0 NOISE_6 NOISE_5 NOISE_5 NOISE_7 NOISE_2 NOISE_3 NOISE_4 NOISE_7 NOISE_1 NOISE_7 NOISE_0 NOISE_1 NOISE_0 NOISE_2 NOISE_3 NOISE_5 NOISE_2 NOISE_5 NOISE_5 NOISE_5 NOISE_6 NOISE_2 NOISE_7 NOISE_5 NOISE_4 NOISE_4 NOISE_3 NOISE_5 NOISE_5 NOISE_5 NOISE_3 NOISE_5 NOISE_5 NOISE_0 NOISE_0 NOISE_2 NOISE_5 NOISE_6 NOISE_1 NOISE_4 NOISE_1 NOISE_4 NOISE_1 NOISE_7 NOISE_3 NOISE_3 NOISE_6 NOISE_4 NOISE_0 NOISE_5 NOISE_7 NOISE_6 NOISE_1 NOISE_2 NOISE_5 NOISE_4 NOISE_4 NOISE_4 NOISE_7 NOISE_4 K28 VALUE_0 NOISE_7 NOISE_0 NOISE_5 NOISE_6 NOISE_4 NOISE_7 NOISE_5 NOISE_0 NOISE_0 NOISE_1 NOISE_2 NOISE_7 NOISE_7 NOISE_7 NOISE_6 NOISE_5 NOISE_3 NOISE_1 NOISE_1 NOISE_5 NOISE_0 NOISE_4 NOISE_7 NOISE_0 NOISE_4 NOISE_4 NOISE_1 NOISE_0 NOISE_4 NOISE_0 NOISE_0 NOISE_7 NOISE_6 NOISE_7 NOISE_4 NOISE_3 NOISE_5 K31 VALUE_0 NOISE_7 NOISE_6 NOISE_5 NOISE_7 NOISE_4 NOISE_7 K18 VALUE_0 NOISE_1 NOISE_7 NOISE_6 NOISE_5 NOISE_3 NOISE_7 NOISE_2 NOISE_5 NOISE_5 K30 VALUE_0 NOISE_7 NOISE_3 NOISE_3 NOISE_7 NOISE_1 NOISE_3 NOISE_0 NOISE_3 K19 VALUE_1 NOISE_4 K9 VALUE_0 NOISE_6 NOISE_2 NOISE_7 NOISE_7 NOISE_2 NOISE_3 NOISE_2 NOISE_6 NOISE_3 NOISE_2 NOISE_2 NOISE_2 NOISE_3 NOISE_2 NOISE_2 NOISE_2 NOISE_7 NOISE_3 NOISE_1 NOISE_3 NOISE_2 NOISE_5 NOISE_7 NOISE_0 NOISE_4 NOISE_5 NOISE_7 K13 VALUE_1 NOISE_0 NOISE_0 NOISE_6 NOISE_3 NOISE_2 NOISE_1 NOISE_7 NOISE_3 NOISE_3 NOISE_0 NOISE_2 NOISE_1 NOISE_5 NOISE_5 NOISE_5 NOISE_3 NOISE_7 NOISE_4 K20 VALUE_1 NOISE_4 NOISE_5 NOISE_1 NOISE_4 NOISE_5 NOISE_4 NOISE_0 NOISE_6 NOISE_4 K27 VALUE_1 NOISE_2 NOISE_5 K0 VALUE_1 NOISE_7 NOISE_1 NOISE_6 NOISE_1 NOISE_0 NOISE_1 NOISE_7 NOISE_4 NOISE_2 NOISE_6 NOISE_0 NOISE_3 NOISE_4 NOISE_5 NOISE_7 NOISE_6 NOISE_3 NOISE_6 NOISE_7 NOISE_2 NOISE_6 NOISE_4 NOISE_6 NOISE_0 NOISE_7 NOISE_5 NOISE_1 NOISE_2 K10 VALUE_1 NOISE_6 NOISE_4 NOISE_4 NOISE_6 NOISE_0 NOISE_6 NOISE_5 NOISE_4 NOISE_5 NOISE_5 NOISE_5 NOISE_4 NOISE_1 NOISE_3 NOISE_4 NOISE_0 NOISE_5 NOISE_5 NOISE_0 NOISE_3 NOISE_3 NOISE_2 NOISE_3 NOISE_5 NOISE_2 NOISE_6 NOISE_3 NOISE_3 NOISE_4 NOISE_0 NOISE_3 NOISE_5 NOISE_3 NOISE_0 NOISE_7 NOISE_2 NOISE_2 NOISE_3 NOISE_1 NOISE_6 NOISE_2 NOISE_3 NOISE_1 NOISE_5 NOISE_4 NOISE_6 NOISE_1 NOISE_7 NOISE_4 NOISE_1 NOISE_2 NOISE_0 NOISE_6 NOISE_0 NOISE_1 NOISE_0 NOISE_6 NOISE_7 NOISE_7 K7 VALUE_0 NOISE_5 NOISE_5 NOISE_7 NOISE_0 NOISE_7 NOISE_0 NOISE_7 NOISE_3 NOISE_2 NOISE_1 NOISE_0 NOISE_1 NOISE_3 NOISE_7 NOISE_7 NOISE_6 NOISE_1 NOISE_4 NOISE_5 NOISE_1 NOISE_7 NOISE_2 NOISE_0 NOISE_2 NOISE_5 NOISE_7 NOISE_1 K2 VALUE_0 NOISE_4 K4 VALUE_0 NOISE_7 NOISE_2 NOISE_5 NOISE_1 NOISE_1 NOISE_5 K23 VALUE_0 NOISE_5 NOISE_7 NOISE_3 NOISE_0 NOISE_0 NOISE_4 NOISE_0 NOISE_7 NOISE_7 NOISE_0 NOISE_1 NOISE_7 NOISE_6 NOISE_4 NOISE_4 NOISE_0 NOISE_3 NOISE_1 NOISE_7 NOISE_7 NOISE_7 NOISE_0 NOISE_5 NOISE_3 NOISE_5 NOISE_2 NOISE_4 NOISE_0 K1 VALUE_1 NOISE_0 NOISE_7 NOISE_7 NOISE_0 NOISE_0 NOISE_1 NOISE_4 NOISE_5 NOISE_1 NOISE_5 NOISE_2 NOISE_2 NOISE_1 NOISE_7 NOISE_0 NOISE_4 NOISE_6 NOISE_3 NOISE_1 NOISE_0 NOISE_7 NOISE_5 NOISE_6 NOISE_0 NOISE_0 NOISE_4 NOISE_6 NOISE_0 NOISE_0 NOISE_7 NOISE_4 NOISE_7 NOISE_5 NOISE_0 NOISE_5 NOISE_3 NOISE_7 NOISE_2 NOISE_4 NOISE_6 NOISE_2 NOISE_7 NOISE_2 NOISE_1 NOISE_5 NOISE_7 NOISE_3 NOISE_7 NOISE_2 NOISE_3 K16 VALUE_0 NOISE_3 K12 VALUE_1 NOISE_2 NOISE_6 NOISE_5 NOISE_4 NOISE_7 NOISE_0 NOISE_4 NOISE_1 NOISE_0 NOISE_3 NOISE_0 NOISE_4 NOISE_5 NOISE_6 NOISE_2 NOISE_6 NOISE_6 NOISE_2 NOISE_2 K15 VALUE_1 NOISE_6 NOISE_4 K22 VALUE_0 NOISE_0 NOISE_7 NOISE_2 NOISE_7 NOISE_1 NOISE_5 NOISE_1 Q28
11,K17,VALUE_0,256,5216,NOISE_5 NOISE_7 NOISE_7 NOISE_2 NOISE_1 NOISE_3 NOISE_4 NOISE_4 NOISE_7 NOISE_0 NOISE_1 NOISE_4 NOISE_4 NOISE_3 NOISE_0 NOISE_6 NOISE_4 NOISE_6 NOISE_2 NOISE_4 NOISE_5 NOISE_1 NOISE_3 NOISE_1 NOISE_5 NOISE_7 NOISE_7 NOISE_4 NOISE_1 NOISE_2 NOISE_3 NOISE_3 NOISE_4 NOISE_3 NOISE_2 NOISE_4 K3 VALUE_0 NOISE_2 NOISE_7 NOISE_7 NOISE_6 NOISE_6 NOISE_3 NOISE_4 NOISE_5 NOISE_4 NOISE_0 NOISE_0 NOISE_2 NOISE_3 NOISE_7 NOISE_7 NOISE_7 NOISE_5 NOISE_5 NOISE_7 NOISE_1 NOISE_1 NOISE_1 NOISE_0 NOISE_2 NOISE_5 NOISE_4 NOISE_7 NOISE_2 NOISE_3 NOISE_0 NOISE_7 NOISE_6 NOISE_7 NOISE_0 NOISE_6 NOISE_7 NOISE_6 NOISE_0 NOISE_4 NOISE_6 NOISE_2 NOISE_7 NOISE_0 NOISE_4 NOISE_7 NOISE_2 K6 VALUE_1 NOISE_7 NOISE_4 NOISE_1 NOISE_1 NOISE_4 K5 VALUE_1 K26 VALUE_0 NOISE_2 NOISE_3 NOISE_7 NOISE_0 NOISE_5 NOISE_4 K8 VALUE_1 K0 VALUE_1 K9 VALUE_0 NOISE_3 NOISE_6 NOISE_7 NOISE_2 NOISE_1 NOISE_2 NOISE_5 NOISE_1 NOISE_0 NOISE_4 NOISE_5 NOISE_2 NOISE_5 NOISE_4 NOISE_7 NOISE_2 NOISE_0 NOISE_6 K25 VALUE_0 NOISE_2 NOISE_7 NOISE_5 NOISE_4 NOISE_2 NOISE_1 NOISE_3 NOISE_1 NOISE_7 NOISE_6 NOISE_4 NOISE_3 NOISE_3 NOISE_6 NOISE_7 NOISE_4 NOISE_7 K7 VALUE_0 NOISE_6 NOISE_7 NOISE_6 NOISE_4 NOISE_1 NOISE_2 NOISE_0 K19 VALUE_1 NOISE_5 NOISE_4 NOISE_2 NOISE_2 NOISE_7 NOISE_4 NOISE_1 NOISE_2 NOISE_3 NOISE_4 NOISE_4 NOISE_3 NOISE_2 NOISE_4 NOISE_6 NOISE_7 NOISE_7 NOISE_6 NOISE_0 NOISE_7 NOISE_5 NOISE_7 NOISE_3 NOISE_6 NOISE_1 NOISE_1 NOISE_5 NOISE_5 NOISE_4 NOISE_1 NOISE_7 NOISE_0 NOISE_2 NOISE_0 NOISE_1 NOISE_3 NOISE_5 NOISE_1 NOISE_6 NOISE_2 NOISE_3 NOISE_0 K28 VALUE_1 NOISE_7 NOISE_7 NOISE_7 NOISE_6 NOISE_0 NOISE_1 K12 VALUE_0 NOISE_5 NOISE_2 NOISE_5 NOISE_2 NOISE_4 NOISE_3 NOISE_5 NOISE_2 NOISE_4 NOISE_7 NOISE_1 K1 VALUE_1 NOISE_2 NOISE_2 NOISE_0 NOISE_2 NOISE_2 NOISE_7 NOISE_5 NOISE_1 NOISE_3 NOISE_3 NOISE_3 NOISE_5 NOISE_6 NOISE_3 NOISE_1 NOISE_4 NOISE_0 NOISE_7 NOISE_4 NOISE_5 NOISE_1 NOISE_2 NOISE_0 NOISE_5 NOISE_2 NOISE_2 NOISE_3 NOISE_2 NOISE_2 NOISE_6 NOISE_6 NOISE_2 NOISE_0 NOISE_7 K17 VALUE_0 NOISE_1 NOISE_5 NOISE_7 NOISE_3 NOISE_2 NOISE_5 NOISE_2 NOISE_3 NOISE_6 NOISE_3 NOISE_6 NOISE_1 NOISE_4 NOISE_0 NOISE_0 NOISE_3 NOISE_0 NOISE_1 NOISE_4 NOISE_6 NOISE_1 NOISE_5 NOISE_0 NOISE_4 NOISE_5 NOISE_3 NOISE_4 NOISE_4 NOISE_5 NOISE_1 NOISE_7 NOISE_3 NOISE_7 NOISE_4 NOISE_2 NOISE_3 NOISE_5 NOISE_0 NOISE_4 NOISE_1 NOISE_3 NOISE_5 NOISE_3 NOISE_1 NOISE_4 NOISE_7 NOISE_7 NOISE_6 NOISE_3 NOISE_4 NOISE_4 NOISE_0 NOISE_0 NOISE_0 NOISE_1 NOISE_6 NOISE_1 NOISE_4 NOISE_5 NOISE_3 NOISE_3 NOISE_5 NOISE_2 NOISE_5 NOISE_4 NOISE_7 NOISE_3 NOISE_7 NOISE_6 NOISE_1 NOISE_7 NOISE_4 NOISE_7 NOISE_0 NOISE_0 NOISE_0 NOISE_7 NOISE_7 NOISE_1 NOISE_7 NOISE_0 NOISE_3 NOISE_5 NOISE_0 NOISE_2 NOISE_6 NOISE_3 NOISE_4 NOISE_1 NOISE_6 NOISE_4 NOISE_3 NOISE_6 NOISE_7 NOISE_0 K18 VALUE_1 NOISE_3 NOISE_4 NOISE_0 NOISE_6 NOISE_3 NOISE_5 NOISE_5 NOISE_2 K24 VALUE_0 NOISE_1 NOISE_2 NOISE_2 NOISE_1 NOISE_1 NOISE_0 NOISE_1 NOISE_6 NOISE_2 NOISE_1 NOISE_6 NOISE_7 K22 VALUE_1 NOISE_7 NOISE_3 NOISE_2 NOISE_5 NOISE_6 NOISE_6 NOISE_7 NOISE_7 NOISE_1 NOISE_6 NOISE_4 NOISE_2 NOISE_7 NOISE_4 NOISE_7 NOISE_6 NOISE_1 NOISE_3 NOISE_0 NOISE_7 NOISE_2 K20 VALUE_0 K21 VALUE_1 NOISE_1 NOISE_1 NOISE_3 NOISE_1 NOISE_3 NOISE_1 NOISE_7 NOISE_5 NOISE_2 NOISE_0 NOISE_0 NOISE_6 NOISE_2 NOISE_0 NOISE_6 NOISE_5 NOISE_0 NOISE_5 NOISE_0 NOISE_3 NOISE_6 NOISE_2 NOISE_2 NOISE_2 NOISE_7 NOISE_2 NOISE_6 NOISE_7 NOISE_4 NOISE_3 NOISE_0 K27 VALUE_0 NOISE_2 NOISE_6 NOISE_0 NOISE_0 NOISE_5 NOISE_1 NOISE_6 NOISE_1 NOISE_5 NOISE_3 NOISE_5 NOISE_6 NOISE_6 NOISE_2 NOISE_6 NOISE_0 NOISE_1 NOISE_7 NOISE_7 NOISE_7 NOISE_3 NOISE_4 NOISE_4 NOISE_2 NOISE_7 NOISE_3 NOISE_7 NOISE_0 NOISE_2 NOISE_7 NOISE_4 NOISE_4 K13 VALUE_0 NOISE_6 NOISE_5 NOISE_6 NOISE_7 NOISE_2 NOISE_3 K31 VALUE_1 NOISE_4 NOISE_7 NOISE_1 NOISE_1 NOISE_7 NOISE_4 NOISE_4 NOISE_0 NOISE_3 NOISE_3 NOISE_1 NOISE_2 NOISE_3 NOISE_4 NOISE_1 NOISE_2 NOISE_1 NOISE_3 NOISE_5 NOISE_6 K11 VALUE_1 NOISE_5 NOISE_1 NOISE_6 NOISE_4 NOISE_3 NOISE_2 NOISE_1 K30 VALUE_0 NOISE_5 NOISE_6 NOISE_3 Q17
12,K19,VALUE_1,16,611,NOISE_6 NOISE_1 NOISE_3 NOISE_2 NOISE_3 NOISE_5 NOISE_1 NOISE_1 NOISE_3 NOISE_5 NOISE_2 NOISE_6 NOISE_0 NOISE_1 NOISE_1 NOISE_5 NOISE_7 NOISE_5 NOISE_2 NOISE_2 NOISE_3 NOISE_4 NOISE_3 NOISE_2 NOISE_1 NOISE_5 NOISE_4 NOISE_2 NOISE_6 NOISE_1 NOISE_6 K21 VALUE_0 NOISE_3 NOISE_3 NOISE_7 NOISE_7 NOISE_1 NOISE_3 NOISE_6 NOISE_7 NOISE_4 NOISE_4 NOISE_1 K16 VALUE_1 NOISE_6 NOISE_1 NOISE_6 NOISE_0 NOISE_5 NOISE_6 NOISE_3 NOISE_4 NOISE_7 NOISE_4 NOISE_7 NOISE_6 NOISE_3 NOISE_6 NOISE_3 NOISE_0 NOISE_6 NOISE_2 NOISE_0 NOISE_5 NOISE_1 NOISE_2 NOISE_4 NOISE_4 K0 VALUE_1 K18 VALUE_0 NOISE_6 NOISE_7 NOISE_7 NOISE_1 NOISE_3 NOISE_4 NOISE_6 NOISE_5 NOISE_6 NOISE_3 NOISE_0 NOISE_7 NOISE_1 NOISE_0 NOISE_4 NOISE_6 NOISE_3 K26 VALUE_1 NOISE_2 NOISE_7 NOISE_3 NOISE_3 NOISE_2 NOISE_7 K31 VALUE_0 NOISE_1 NOISE_0 NOISE_1 NOISE_7 NOISE_5 NOISE_2 NOISE_7 NOISE_1 NOISE_4 NOISE_2 NOISE_5 NOISE_2 K1 VALUE_0 NOISE_6 NOISE_7 NOISE_1 NOISE_2 NOISE_0 NOISE_4 NOISE_2 NOISE_3 NOISE_5 NOISE_4 NOISE_3 NOISE_1 NOISE_3 NOISE_5 NOISE_4 NOISE_5 NOISE_4 NOISE_1 NOISE_0 K28 VALUE_1 NOISE_0 NOISE_4 NOISE_1 NOISE_4 NOISE_2 NOISE_0 NOISE_7 NOISE_7 NOISE_3 NOISE_7 NOISE_3 NOISE_5 NOISE_0 NOISE_1 NOISE_5 K30 VALUE_0 NOISE_3 K27 VALUE_1 NOISE_0 NOISE_7 NOISE_1 NOISE_2 NOISE_4 NOISE_1 NOISE_7 NOISE_5 NOISE_6 NOISE_3 NOISE_0 NOISE_1 NOISE_6 K29 VALUE_0 NOISE_4 NOISE_1 NOISE_2 NOISE_5 NOISE_2 K11 VALUE_1 NOISE_5 NOISE_4 NOISE_0 NOISE_0 NOISE_5 NOISE_6 NOISE_0 NOISE_4 NOISE_3 NOISE_7 NOISE_3 NOISE_7 NOISE_1 NOISE_3 NOISE_0 NOISE_3 NOISE_3 NOISE_4 NOISE_5 NOISE_3 K10 VALUE_0 NOISE_5 NOISE_0 NOISE_6 NOISE_7 NOISE_2 NOISE_5 NOISE_7 NOISE_1 NOISE_5 NOISE_0 NOISE_7 NOISE_1 NOISE_1 NOISE_7 K9 VALUE_1 NOISE_1 NOISE_3 NOISE_1 NOISE_5 NOISE_4 NOISE_2 NOISE_6 NOISE_3 NOISE_5 NOISE_7 NOISE_2 NOISE_5 NOISE_3 NOISE_0 NOISE_6 NOISE_2 NOISE_4 NOISE_2 NOISE_6 NOISE_6 NOISE_6 NOISE_3 NOISE_7 NOISE_4 NOISE_2 NOISE_6 NOISE_7 NOISE_2 NOISE_7 NOISE_2 K4 VALUE_0 NOISE_6 NOISE_1 NOISE_2 NOISE_4 NOISE_7 NOISE_0 NOISE_7 NOISE_0 K20 VALUE_1 NOISE_6 NOISE_5 NOISE_3 NOISE_0 NOISE_2 NOISE_2 NOISE_0 NOISE_6 NOISE_5 NOISE_6 NOISE_1 NOISE_0 NOISE_3 NOISE_1 NOISE_3 NOISE_7 NOISE_0 NOISE_1 NOISE_1 K22 VALUE_0 NOISE_1 NOISE_5 NOISE_7 NOISE_6 NOISE_7 NOISE_0 NOISE_3 NOISE_6 NOISE_4 NOISE_1 NOISE_0 NOISE_1 NOISE_6 NOISE_1 NOISE_6 NOISE_6 NOISE_2 NOISE_6 NOISE_3 NOISE_7 NOISE_4 NOISE_7 NOISE_3 NOISE_0 NOISE_2 NOISE_7 NOISE_3 NOISE_0 NOISE_5 NOISE_7 NOISE_1 NOISE_4 NOISE_6 NOISE_4 NOISE_2 NOISE_0 NOISE_6 NOISE_2 NOISE_4 NOISE_4 NOISE_5 NOISE_0 NOISE_2 NOISE_6 NOISE_2 NOISE_5 K17 VALUE_1 NOISE_2 NOISE_0 K6 VALUE_1 NOISE_5 NOISE_3 NOISE_3 NOISE_4 NOISE_2 NOISE_3 NOISE_5 NOISE_6 NOISE_5 NOISE_0 NOISE_7 NOISE_2 NOISE_3 NOISE_6 NOISE_7 NOISE_0 NOISE_2 NOISE_4 NOISE_0 NOISE_0 NOISE_5 K15 VALUE_0 NOISE_1 NOISE_4 NOISE_4 NOISE_5 NOISE_6 NOISE_5 NOISE_2 NOISE_5 NOISE_0 NOISE_2 NOISE_0 NOISE_7 NOISE_6 NOISE_1 NOISE_0 NOISE_6 NOISE_6 NOISE_6 NOISE_7 NOISE_7 NOISE_6 NOISE_0 NOISE_1 NOISE_7 NOISE_0 NOISE_2 NOISE_2 NOISE_0 NOISE_0 NOISE_2 NOISE_0 NOISE_5 NOISE_4 NOISE_4 NOISE_5 NOISE_4 NOISE_7 NOISE_2 NOISE_7 NOISE_2 NOISE_7 NOISE_2 NOISE_1 NOISE_4 NOISE_7 NOISE_2 NOISE_7 NOISE_6 NOISE_0 NOISE_7 NOISE_4 NOISE_2 NOISE_2 NOISE_1 NOISE_7 NOISE_6 NOISE_1 NOISE_7 NOISE_2 NOISE_2 NOISE_1 NOISE_7 NOISE_4 NOISE_6 NOISE_3 NOISE_1 NOISE_3 NOISE_4 NOISE_7 NOISE_5 NOISE_1 K25 VALUE_0 NOISE_5 NOISE_4 NOISE_7 NOISE_1 NOISE_1 NOISE_5 NOISE_7 NOISE_7 NOISE_0 NOISE_1 NOISE_0 NOISE_7 NOISE_0 NOISE_5 NOISE_3 NOISE_4 NOISE_2 NOISE_4 NOISE_1 NOISE_2 NOISE_3 NOISE_7 NOISE_7 NOISE_2 NOISE_4 NOISE_4 NOISE_2 NOISE_6 NOISE_5 NOISE_1 NOISE_1 NOISE_6 NOISE_7 NOISE_5 NOISE_6 NOISE_7 NOISE_2 NOISE_0 NOISE_7 NOISE_4 NOISE_6 NOISE_4 NOISE_0 NOISE_0 NOISE_6 NOISE_3 NOISE_7 NOISE_2 NOISE_2 NOISE_0 NOISE_2 NOISE_6 NOISE_2 NOISE_2 NOISE_2 NOISE_7 NOISE_0 NOISE_0 NOISE_1 NOISE_4 NOISE_5 NOISE_7 NOISE_1 NOISE_5 NOISE_5 K14 VALUE_0 K19 VALUE_1 NOISE_5 NOISE_2 NOISE_0 NOISE_4 NOISE_7 NOISE_5 NOISE_7 NOISE_2 NOISE_2 NOISE_1 K24 VALUE_1 NOISE_4 NOISE_5 NOISE_6 Q19
13,K20,VALUE_1,16,25,NOISE_4 NOISE_2 NOISE_0 NOISE_7 K27 VALUE_1 NOISE_3 K26 VALUE_0 NOISE_2 NOISE_3 NOISE_6 NOISE_7 NOISE_3 NOISE_3 NOISE_1 NOISE_1 NOISE_0 NOISE_1 K11 VALUE_0 NOISE_5 NOISE_7 NOISE_5 NOISE_0 NOISE_4 NOISE_5 NOISE_2 NOISE_4 NOISE_3 NOISE_0 NOISE_5 NOISE_4 NOISE_7 NOISE_6 NOISE_2 NOISE_5 NOISE_0 NOISE_5 NOISE_7 NOISE_7 NOISE_6 NOISE_2 NOISE_5 NOISE_0 NOISE_7 K18 VALUE_0 NOISE_0 NOISE_7 NOISE_7 NOISE_1 NOISE_2 NOISE_7 NOISE_7 NOISE_4 NOISE_3 NOISE_5 NOISE_7 NOISE_4 NOISE_4 NOISE_0 NOISE_2 NOISE_5 NOISE_2 K30 VALUE_1 NOISE_7 NOISE_4 NOISE_3 NOISE_5 NOISE_3 NOISE_0 NOISE_4 NOISE_4 NOISE_2 NOISE_3 NOISE_5 NOISE_1 NOISE_7 NOISE_5 NOISE_1 NOISE_3 NOISE_7 NOISE_2 NOISE_2 NOISE_2 NOISE_4 NOISE_2 NOISE_7 NOISE_7 NOISE_4 NOISE_7 NOISE_5 NOISE_1 NOISE_1 NOISE_4 NOISE_6 NOISE_2 NOISE_0 NOISE_4 NOISE_2 NOISE_6 NOISE_5 NOISE_0 NOISE_2 NOISE_2 NOISE_7 NOISE_3 NOISE_4 NOISE_4 NOISE_1 NOISE_5 NOISE_5 NOISE_1 NOISE_7 NOISE_3 NOISE_1 NOISE_6 NOISE_4 NOISE_5 NOISE_0 NOISE_3 NOISE_7 NOISE_3 NOISE_6 NOISE_6 NOISE_3 NOISE_7 NOISE_4 NOISE_2 NOISE_5 NOISE_7 NOISE_7 NOISE_2 NOISE_3 NOISE_5 NOISE_6 NOISE_5 NOISE_7 NOISE_7 NOISE_5 NOISE_3 NOISE_7 NOISE_3 NOISE_2 NOISE_4 NOISE_3 NOISE_7 NOISE_2 NOISE_7 NOISE_7 NOISE_0 NOISE_6 NOISE_6 NOISE_5 NOISE_1 NOISE_1 NOISE_2 NOISE_0 K25 VALUE_1 NOISE_1 NOISE_0 NOISE_7 NOISE_0 NOISE_7 K13 VALUE_0 NOISE_7 NOISE_1 NOISE_1 NOISE_7 NOISE_5 NOISE_6 NOISE_6 NOISE_1 NOISE_6 NOISE_5 NOISE_7 NOISE_7 NOISE_1 NOISE_4 NOISE_6 NOISE_6 NOISE_7 NOISE_1 NOISE_1 NOISE_6 NOISE_1 NOISE_2 NOISE_0 NOISE_6 NOISE_6 NOISE_6 NOISE_5 NOISE_0 NOISE_6 NOISE_3 NOISE_4 NOISE_7 NOISE_1 NOISE_6 NOISE_2 NOISE_1 NOISE_6 NOISE_5 NOISE_5 NOISE_3 NOISE_3 NOISE_3 NOISE_4 NOISE_3 K12 VALUE_0 NOISE_6 NOISE_7 NOISE_3 NOISE_3 NOISE_4 NOISE_3 NOISE_1 NOISE_4 K31 VALUE_1 NOISE_0 NOISE_3 NOISE_2 NOISE_4 NOISE_5 NOISE_3 NOISE_2 NOISE_2 NOISE_7 NOISE_5 NOISE_6 NOISE_6 NOISE_2 NOISE_2 NOISE_2 NOISE_4 NOISE_2 NOISE_6 NOISE_1 NOISE_3 NOISE_7 NOISE_1 NOISE_4 NOISE_2 NOISE_5 NOISE_2 NOISE_6 NOISE_3 NOISE_6 NOISE_1 NOISE_2 NOISE_4 NOISE_3 NOISE_3 NOISE_4 NOISE_2 NOISE_5 NOISE_7 NOISE_7 NOISE_0 NOISE_7 NOISE_7 NOISE_1 NOISE_3 NOISE_4 NOISE_4 NOISE_3 NOISE_3 NOISE_6 NOISE_1 NOISE_2 NOISE_4 NOISE_1 NOISE_5 NOISE_7 NOISE_5 NOISE_2 NOISE_7 NOISE_2 NOISE_7 NOISE_0 NOISE_7 NOISE_0 NOISE_6 NOISE_5 NOISE_3 NOISE_7 NOISE_5 K24 VALUE_1 NOISE_5 NOISE_1 NOISE_4 NOISE_2 NOISE_5 NOISE_3 NOISE_2 NOISE_0 NOISE_6 NOISE_0 NOISE_3 NOISE_5 NOISE_6 K8 VALUE_1 K29 VALUE_1 NOISE_0 NOISE_3 NOISE_5 K22 VALUE_0 NOISE_2 NOISE_0 NOISE_4 NOISE_6 NOISE_4 NOISE_6 K23 VALUE_1 NOISE_4 NOISE_1 NOISE_3 NOISE_0 NOISE_2 NOISE_2 NOISE_1 NOISE_2 NOISE_1 NOISE_1 NOISE_5 NOISE_5 NOISE_3 NOISE_3 NOISE_6 NOISE_1 NOISE_1 NOISE_2 NOISE_2 NOISE_0 NOISE_3 NOISE_7 NOISE_6 NOISE_3 NOISE_3 NOISE_6 K16 VALUE_0 NOISE_4 NOISE_4 NOISE_0 NOISE_1 NOISE_6 NOISE_4 NOISE_7 NOISE_7 NOISE_2 NOISE_3 NOISE_4 NOISE_6 NOISE_3 NOISE_1 NOISE_5 K10 VALUE_0 NOISE_7 NOISE_5 NOISE_7 NOISE_4 NOISE_3 NOISE_2 NOISE_2 NOISE_5 NOISE_2 NOISE_3 NOISE_3 NOISE_3 NOISE_4 NOISE_2 K1 VALUE_1 NOISE_0 NOISE_0 NOISE_5 NOISE_0 NOISE_2 NOISE_0 NOISE_5 NOISE_5 NOISE_7 NOISE_2 K15 VALUE_0 NOISE_1 NOISE_7 NOISE_3 NOISE_1 NOISE_1 K6 VALUE_0 NOISE_3 NOISE_1 NOISE_7 NOISE_5 NOISE_6 NOISE_6 NOISE_2 NOISE_2 NOISE_0 NOISE_3 NOISE_1 NOISE_3 NOISE_3 NOISE_3 NOISE_7 NOISE_3 NOISE_0 NOISE_1 NOISE_2 NOISE_2 NOISE_4 NOISE_1 NOISE_7 NOISE_1 NOISE_6 NOISE_4 NOISE_2 NOISE_2 NOISE_6 NOISE_3 NOISE_1 K21 VALUE_0 NOISE_6 NOISE_4 K28 VALUE_0 NOISE_4 NOISE_5 NOISE_1 NOISE_5 NOISE_7 NOISE_6 NOISE_6 NOISE_7 NOISE_2 NOISE_7 NOISE_7 NOISE_7 NOISE_6 NOISE_7 NOISE_6 NOISE_2 NOISE_7 NOISE_7 NOISE_7 K4 VALUE_1 NOISE_0 NOISE_3 NOISE_1 NOISE_7 NOISE_4 NOISE_2 NOISE_2 NOISE_5 NOISE_7 NOISE_6 NOISE_0 NOISE_1 NOISE_2 NOISE_7 NOISE_7 NOISE_2 NOISE_0 NOISE_2 NOISE_3 NOISE_3 NOISE_5 NOISE_5 NOISE_2 NOISE_2 NOISE_2 NOISE_3 NOISE_1 NOISE_7 NOISE_4 NOISE_7 NOISE_4 K20 VALUE_1 NOISE_7 NOISE_3 K19 VALUE_1 NOISE_4 NOISE_1 NOISE_6 NOISE_0 NOISE_5 NOISE_3 NOISE_3 NOISE_0 NOISE_0 NOISE_7 NOISE_5 Q20
14,K20,VALUE_1,64,2067,NOISE_6 NOISE_5 NOISE_4 NOISE_0 NOISE_1 NOISE_6 K18 VALUE_0 NOISE_6 NOISE_7 K10 VALUE_1 NOISE_3 NOISE_5 NOISE_2 NOISE_7 NOISE_6 NOISE_1 NOISE_5 NOISE_5 NOISE_5 NOISE_7 NOISE_0 NOISE_3 NOISE_5 NOISE_7 NOISE_2 NOISE_7 NOISE_5 NOISE_4 NOISE_0 NOISE_7 K11 VALUE_1 NOISE_3 NOISE_0 NOISE_6 NOISE_4 NOISE_5 NOISE_4 NOISE_3 NOISE_4 NOISE_5 NOISE_2 NOISE_2 NOISE_0 NOISE_6 NOISE_7 NOISE_1 NOISE_4 NOISE_6 NOISE_2 K23 VALUE_1 NOISE_6 NOISE_5 NOISE_7 NOISE_6 NOISE_6 NOISE_7 NOISE_2 NOISE_2 NOISE_0 NOISE_5 NOISE_3 NOISE_5 NOISE_7 NOISE_4 NOISE_0 NOISE_3 NOISE_2 NOISE_6 NOISE_0 NOISE_7 NOISE_2 NOISE_2 NOISE_4 K24 VALUE_1 NOISE_6 NOISE_1 NOISE_6 NOISE_2 NOISE_6 K29 VALUE_0 NOISE_7 NOISE_7 NOISE_2 NOISE_6 NOISE_7 NOISE_0 NOISE_4 NOISE_7 NOISE_3 NOISE_4 NOISE_4 NOISE_3 NOISE_0 NOISE_0 NOISE_7 K6 VALUE_1 NOISE_3 K17 VALUE_0 NOISE_2 NOISE_2 NOISE_7 NOISE_2 NOISE_2 NOISE_4 NOISE_7 NOISE_4 NOISE_1 NOISE_7 NOISE_4 NOISE_3 NOISE_1 K4 VALUE_1 NOISE_3 NOISE_0 NOISE_4 NOISE_0 NOISE_5 NOISE_4 NOISE_4 NOISE_1 NOISE_1 NOISE_4 NOISE_2 NOISE_7 NOISE_4 NOISE_1 NOISE_7 NOISE_4 NOISE_2 NOISE_2 K21 VALUE_0 K1 VALUE_1 NOISE_1 NOISE_4 NOISE_1 NOISE_4 NOISE_7 NOISE_0 NOISE_6 NOISE_5 NOISE_3 NOISE_1 NOISE_7 NOISE_3 NOISE_4 K22 VALUE_0 NOISE_2 K31 VALUE_1 NOISE_5 K9 VALUE_0 NOISE_6 NOISE_2 NOISE_5 NOISE_1 NOISE_7 NOISE_7 NOISE_4 NOISE_4 NOISE_7 NOISE_0 NOISE_2 NOISE_7 NOISE_0 NOISE_0 K7 VALUE_0 NOISE_6 NOISE_5 NOISE_5 NOISE_5 NOISE_7 NOISE_5 NOISE_6 NOISE_7 NOISE_7 NOISE_4 NOISE_2 NOISE_0 NOISE_1 NOISE_5 NOISE_3 NOISE_1 K14 VALUE_1 NOISE_2 NOISE_7 NOISE_1 NOISE_5 NOISE_1 NOISE_5 NOISE_0 NOISE_5 NOISE_6 NOISE_6 NOISE_5 NOISE_2 NOISE_3 NOISE_0 NOISE_2 NOISE_6 NOISE_4 NOISE_1 NOISE_1 NOISE_6 NOISE_2 NOISE_2 NOISE_0 NOISE_5 NOISE_5 K15 VALUE_0 NOISE_7 NOISE_4 NOISE_2 NOISE_4 NOISE_2 NOISE_6 NOISE_3 NOISE_2 NOISE_2 NOISE_3 NOISE_2 NOISE_4 NOISE_1 NOISE_0 NOISE_3 NOISE_0 NOISE_4 NOISE_4 NOISE_4 NOISE_2 NOISE_3 NOISE_6 NOISE_0 NOISE_5 NOISE_3 NOISE_5 NOISE_4 NOISE_6 NOISE_5 NOISE_3 NOISE_0 NOISE_5 NOISE_4 NOISE_6 NOISE_7 K5 VALUE_0 NOISE_4 NOISE_7 NOISE_6 NOISE_6 NOISE_3 NOISE_1 NOISE_6 NOISE_4 NOISE_1 NOISE_6 NOISE_1 NOISE_7 NOISE_2 NOISE_3 NOISE_5 NOISE_2 NOISE_0 NOISE_4 NOISE_3 NOISE_4 NOISE_4 NOISE_3 NOISE_5 NOISE_1 NOISE_0 NOISE_3 NOISE_5 NOISE_2 NOISE_4 NOISE_2 NOISE_5 NOISE_3 NOISE_2 NOISE_2 NOISE_4 NOISE_1 NOISE_2 NOISE_4 NOISE_4 NOISE_3 NOISE_2 K27 VALUE_0 NOISE_5 NOISE_1 NOISE_4 NOISE_6 NOISE_3 NOISE_6 NOISE_6 NOISE_2 NOISE_6 NOISE_4 NOISE_4 NOISE_2 NOISE_4 NOISE_0 NOISE_4 NOISE_3 NOISE_5 NOISE_0 NOISE_1 NOISE_4 NOISE_1 NOISE_5 NOISE_3 NOISE_7 NOISE_2 NOISE_5 NOISE_3 NOISE_2 NOISE_1 NOISE_5 K3 VALUE_1 NOISE_7 NOISE_0 NOISE_0 NOISE_6 NOISE_2 NOISE_1 NOISE_4 NOISE_4 NOISE_5 NOISE_0 NOISE_2 NOISE_5 NOISE_7 NOISE_1 NOISE_5 NOISE_2 NOISE_7 NOISE_4 NOISE_5 NOISE_3 NOISE_5 NOISE_2 NOISE_2 NOISE_2 NOISE_6 NOISE_0 NOISE_6 NOISE_1 NOISE_0 NOISE_3 NOISE_2 NOISE_5 NOISE_1 NOISE_7 NOISE_5 NOISE_2 NOISE_0 NOISE_5 NOISE_6 NOISE_3 NOISE_3 NOISE_1 NOISE_3 NOISE_3 NOISE_1 NOISE_4 NOISE_4 NOISE_7 NOISE_7 NOISE_0 NOISE_1 NOISE_7 NOISE_4 NOISE_1 NOISE_2 NOISE_2 NOISE_1 NOISE_3 NOISE_2 NOISE_1 NOISE_3 NOISE_1 K12 VALUE_0 NOISE_3 NOISE_1 NOISE_6 NOISE_4 NOISE_3 NOISE_7 NOISE_1 NOISE_7 NOISE_7 NOISE_3 NOISE_0 NOISE_2 NOISE_0 NOISE_1 NOISE_0 NOISE_0 NOISE_2 NOISE_4 NOISE_7 NOISE_0 NOISE_2 NOISE_7 K26 VALUE_0 NOISE_0 NOISE_3 NOISE_4 NOISE_4 NOISE_6 NOISE_3 NOISE_0 NOISE_4 NOISE_7 NOISE_1 NOISE_4 NOISE_7 NOISE_7 NOISE_4 NOISE_5 NOISE_1 NOISE_3 NOISE_2 NOISE_7 NOISE_5 NOISE_0 K20 VALUE_1 NOISE_4 NOISE_5 NOISE_0 NOISE_2 NOISE_0 NOISE_5 NOISE_4 NOISE_5 NOISE_4 NOISE_5 NOISE_3 NOISE_7 NOISE_2 NOISE_5 NOISE_1 NOISE_3 NOISE_4 NOISE_2 NOISE_6 NOISE_5 NOISE_4 NOISE_3 NOISE_4 NOISE_2 NOISE_2 NOISE_0 NOISE_1 NOISE_6 NOISE_1 NOISE_7 NOISE_0 K30 VALUE_1 NOISE_3 NOISE_6 NOISE_6 NOISE_4 NOISE_4 NOISE_6 NOISE_0 NOISE_5 NOISE_7 NOISE_5 NOISE_2 NOISE_4 NOISE_0 NOISE_6 NOISE_3 NOISE_7 NOISE_1 NOISE_1 NOISE_3 NOISE_2 NOISE_7 NOISE_3 NOISE_2 NOISE_3 NOISE_4 NOISE_3 NOISE_7 NOISE_3 NOISE_4 NOISE_3 Q20
15,K23,VALUE_1,64,1946,NOISE_6 NOISE_3 NOISE_1 NOISE_2 K10 VALUE_0 NOISE_7 NOISE_7 NOISE_5 NOISE_4 NOISE_7 NOISE_3 NOISE_6 NOISE_3 K2 VALUE_1 NOISE_6 NOISE_2 NOISE_6 NOISE_7 NOISE_7 NOISE_7 NOISE_0 NOISE_2 NOISE_0 NOISE_0 NOISE_5 NOISE_0 NOISE_2 NOISE_2 NOISE_7 NOISE_4 NOISE_0 NOISE_1 NOISE_6 NOISE_7 NOISE_5 NOISE_6 NOISE_2 NOISE_0 NOISE_3 NOISE_4 NOISE_2 K9 VALUE_0 NOISE_2 NOISE_1 NOISE_2 NOISE_3 NOISE_6 NOISE_2 NOISE_1 NOISE_0 NOISE_2 NOISE_2 NOISE_0 NOISE_2 NOISE_6 NOISE_1 NOISE_2 NOISE_0 NOISE_2 NOISE_6 NOISE_5 NOISE_1 NOISE_7 NOISE_1 NOISE_7 NOISE_7 NOISE_0 NOISE_1 NOISE_3 NOISE_1 NOISE_0 NOISE_4 NOISE_3 NOISE_4 NOISE_4 NOISE_0 NOISE_3 NOISE_5 NOISE_6 NOISE_6 NOISE_4 NOISE_6 K20 VALUE_1 NOISE_2 NOISE_3 NOISE_4 NOISE_7 NOISE_6 NOISE_3 NOISE_6 NOISE_5 NOISE_3 NOISE_4 NOISE_5 NOISE_4 NOISE_6 NOISE_0 NOISE_0 NOISE_4 NOISE_1 NOISE_2 NOISE_0 NOISE_6 NOISE_3 NOISE_6 NOISE_2 NOISE_5 NOISE_1 NOISE_0 NOISE_5 NOISE_1 NOISE_4 NOISE_2 NOISE_4 NOISE_5 NOISE_7 NOISE_1 NOISE_2 K16 VALUE_0 NOISE_6 NOISE_6 NOISE_6 NOISE_4 NOISE_4 NOISE_7 NOISE_6 K4 VALUE_0 NOISE_3 NOISE_6 NOISE_1 NOISE_0 NOISE_1 NOISE_0 NOISE_2 NOISE_4 NOISE_5 K24 VALUE_1 NOISE_0 NOISE_6 K18 VALUE_1 NOISE_1 NOISE_7 NOISE_1 NOISE_2 NOISE_4 NOISE_6 NOISE_6 NOISE_0 NOISE_3 NOISE_2 NOISE_6 NOISE_5 NOISE_0 NOISE_1 NOISE_3 NOISE_2 K7 VALUE_0 NOISE_7 NOISE_0 NOISE_7 NOISE_3 NOISE_2 NOISE_6 NOISE_4 NOISE_0 NOISE_6 NOISE_6 NOISE_4 NOISE_5 NOISE_5 NOISE_1 NOISE_2 NOISE_5 NOISE_7 NOISE_4 NOISE_3 NOISE_3 NOISE_2 NOISE_6 NOISE_4 NOISE_7 NOISE_3 NOISE_3 NOISE_1 NOISE_3 NOISE_0 NOISE_0 K1 VALUE_0 NOISE_2 NOISE_3 NOISE_2 NOISE_7 NOISE_7 NOISE_2 NOISE_2 NOISE_4 NOISE_2 NOISE_2 NOISE_5 NOISE_5 NOISE_5 NOISE_5 NOISE_2 NOISE_4 NOISE_1 NOISE_0 NOISE_0 NOISE_3 NOISE_1 NOISE_2 NOISE_5 NOISE_4 NOISE_7 NOISE_1 NOISE_0 NOISE_6 NOISE_4 NOISE_1 NOISE_5 NOISE_2 NOISE_0 NOISE_1 NOISE_5 NOISE_6 NOISE_4 NOISE_3 NOISE_1 NOISE_6 NOISE_2 NOISE_4 NOISE_4 NOISE_3 NOISE_6 NOISE_5 NOISE_6 NOISE_3 NOISE_3 NOISE_6 K26 VALUE_1 NOISE_5 NOISE_0 NOISE_4 NOISE_6 NOISE_1 NOISE_2 NOISE_6 NOISE_6 NOISE_5 NOISE_6 NOISE_3 NOISE_7 NOISE_6 NOISE_5 NOISE_3 NOISE_0 NOISE_7 NOISE_1 NOISE_3 NOISE_4 NOISE_1 NOISE_1 NOISE_6 NOISE_6 NOISE_3 NOISE_6 NOISE_5 NOISE_0 NOISE_6 NOISE_3 K5 VALUE_0 NOISE_6 NOISE_7 NOISE_4 NOISE_1 NOISE_4 NOISE_6 NOISE_1 NOISE_7 NOISE_3 NOISE_3 NOISE_3 K19 VALUE_1 NOISE_4 K11 VALUE_0 NOISE_3 NOISE_0 NOISE_0 NOISE_4 NOISE_3 NOISE_6 NOISE_7 NOISE_4 NOISE_5 NOISE_0 NOISE_7 NOISE_5 NOISE_4 NOISE_6 NOISE_1 NOISE_4 NOISE_6 NOISE_5 NOISE_0 NOISE_3 NOISE_7 NOISE_4 NOISE_2 NOISE_3 K31 VALUE_1 NOISE_7 NOISE_6 NOISE_4 NOISE_7 NOISE_7 NOISE_3 NOISE_2 NOISE_2 NOISE_7 NOISE_0 NOISE_2 NOISE_7 NOISE_6 NOISE_4 K14 VALUE_0 NOISE_2 NOISE_4 NOISE_2 NOISE_2 NOISE_1 NOISE_6 NOISE_4 NOISE_7 NOISE_5 NOISE_3 NOISE_7 NOISE_3 NOISE_6 NOISE_0 NOISE_0 NOISE_6 NOISE_6 NOISE_6 NOISE_4 NOISE_2 NOISE_7 NOISE_1 NOISE_0 NOISE_0 NOISE_2 NOISE_0 NOISE_4 NOISE_3 NOISE_3 NOISE_1 NOISE_7 NOISE_0 NOISE_7 NOISE_1 NOISE_2 NOISE_4 NOISE_2 NOISE_1 NOISE_6 NOISE_6 NOISE_3 NOISE_7 K17 VALUE_1 NOISE_6 NOISE_7 NOISE_3 NOISE_1 NOISE_5 NOISE_0 NOISE_5 NOISE_3 NOISE_2 NOISE_7 NOISE_1 NOISE_4 K30 VALUE_0 NOISE_4 NOISE_1 NOISE_2 NOISE_7 NOISE_6 NOISE_4 NOISE_3 NOISE_3 NOISE_6 NOISE_5 NOISE_2 NOISE_7 NOISE_1 NOISE_4 NOISE_7 NOISE_2 NOISE_6 NOISE_7 NOISE_3 NOISE_3 NOISE_2 NOISE_2 K22 VALUE_1 NOISE_2 NOISE_4 NOISE_3 NOISE_3 NOISE_3 NOISE_5 NOISE_2 K13 VALUE_0 NOISE_2 K27 VALUE_1 NOISE_3 NOISE_4 NOISE_1 NOISE_6 NOISE_2 NOISE_6 NOISE_7 NOISE_1 NOISE_6 NOISE_2 NOISE_0 NOISE_7 K23 VALUE_1 NOISE_2 NOISE_6 NOISE_6 NOISE_0 NOISE_1 NOISE_2 NOISE_2 NOISE_2 NOISE_3 NOISE_7 NOISE_3 NOISE_2 NOISE_2 NOISE_6 NOISE_1 NOISE_5 NOISE_2 NOISE_4 NOISE_5 K12 VALUE_0 NOISE_7 NOISE_2 NOISE_4 NOISE_3 NOISE_7 NOISE_2 NOISE_4 NOISE_2 K8 VALUE_1 NOISE_3 NOISE_5 NOISE_3 NOISE_5 NOISE_7 NOISE_2 NOISE_4 NOISE_1 NOISE_4 NOISE_2 NOISE_5 NOISE_3 NOISE_4 NOISE_1 NOISE_0 NOISE_3 NOISE_1 NOISE_2 NOISE_1 NOISE_7 NOISE_3 NOISE_1 NOISE_6 NOISE_6 NOISE_6 NOISE_2 NOISE_7 NOISE_7 NOISE_2 NOISE_0 NOISE_1 NOISE_0 Q23
16,K17,VALUE_1,384,6133,NOISE_7 NOISE_2 NOISE_6 NOISE_7 NOISE_4 NOISE_4 NOISE_7 NOISE_0 NOISE_6 NOISE_4 NOISE_2 NOISE_1 NOISE_6 NOISE_2 NOISE_3 NOISE_6 NOISE_4 NOISE_5 NOISE_0 NOISE_1 NOISE_4 NOISE_7 NOISE_5 NOISE_6 NOISE_2 NOISE_2 NOISE_1 NOISE_3 NOISE_2 NOISE_7 NOISE_5 NOISE_6 NOISE_2 NOISE_6 NOISE_7 NOISE_5 NOISE_2 NOISE_4 NOISE_2 NOISE_3 NOISE_5 NOISE_7 NOISE_2 NOISE_4 K9 VALUE_0 NOISE_3 NOISE_1 NOISE_6 NOISE_5 NOISE_3 NOISE_5 NOISE_5 NOISE_0 NOISE_7 NOISE_6 NOISE_5 NOISE_6 NOISE_4 NOISE_2 NOISE_3 NOISE_7 NOISE_5 K2 VALUE_1 NOISE_2 NOISE_6 NOISE_6 NOISE_6 NOISE_0 NOISE_4 NOISE_7 NOISE_3 NOISE_7 NOISE_1 NOISE_5 NOISE_6 NOISE_7 NOISE_3 NOISE_0 NOISE_0 NOISE_5 NOISE_2 NOISE_6 NOISE_5 NOISE_1 NOISE_1 NOISE_5 NOISE_5 NOISE_1 NOISE_3 NOISE_6 NOISE_0 NOISE_3 NOISE_7 NOISE_2 NOISE_5 NOISE_2 K15 VALUE_0 NOISE_0 NOISE_3 NOISE_5 NOISE_5 NOISE_1 NOISE_5 K12 VALUE_0 NOISE_1 NOISE_0 NOISE_7 NOISE_2 K16 VALUE_1 NOISE_2 NOISE_0 NOISE_5 NOISE_4 NOISE_2 NOISE_1 NOISE_1 NOISE_3 NOISE_6 NOISE_1 NOISE_5 NOISE_1 K17 VALUE_1 NOISE_4 NOISE_4 NOISE_2 NOISE_5 NOISE_4 NOISE_1 NOISE_2 NOISE_5 NOISE_7 NOISE_0 NOISE_4 NOISE_7 NOISE_7 NOISE_3 NOISE_7 NOISE_2 NOISE_5 NOISE_3 NOISE_5 NOISE_3 NOISE_6 NOISE_6 NOISE_4 NOISE_6 NOISE_1 K6 VALUE_1 NOISE_5 NOISE_0 NOISE_6 NOISE_5 NOISE_5 NOISE_5 NOISE_5 NOISE_1 NOISE_7 NOISE_3 NOISE_6 K26 VALUE_0 NOISE_6 NOISE_6 NOISE_7 NOISE_0 NOISE_2 NOISE_1 NOISE_3 NOISE_0 NOISE_0 NOISE_7 NOISE_4 NOISE_5 NOISE_2 NOISE_5 NOISE_1 NOISE_5 NOISE_7 NOISE_2 K0 VALUE_0 NOISE_2 NOISE_0 NOISE_2 NOISE_0 NOISE_2 NOISE_7 K20 VALUE_0 NOISE_4 NOISE_6 NOISE_4 NOISE_1 NOISE_2 NOISE_3 NOISE_5 NOISE_6 NOISE_4 NOISE_3 NOISE_7 K11 VALUE_0 NOISE_6 NOISE_6 NOISE_4 NOISE_2 NOISE_2 NOISE_7 NOISE_7 NOISE_7 NOISE_3 NOISE_5 NOISE_6 NOISE_4 NOISE_7 NOISE_2 NOISE_5 NOISE_2 NOISE_5 NOISE_2 NOISE_5 NOISE_4 NOISE_6 NOISE_4 NOISE_2 NOISE_1 NOISE_1 NOISE_7 NOISE_7 NOISE_4 NOISE_5 NOISE_2 NOISE_3 NOISE_4 NOISE_0 K21 VALUE_0 NOISE_0 NOISE_1 NOISE_6 NOISE_3 NOISE_7 NOISE_5 NOISE_6 NOISE_2 NOISE_6 NOISE_4 NOISE_5 NOISE_1 NOISE_2 NOISE_2 NOISE_1 NOISE_4 NOISE_1 NOISE_5 NOISE_4 NOISE_6 NOISE_6 NOISE_4 NOISE_6 NOISE_5 NOISE_2 K10 VALUE_0 NOISE_6 NOISE_0 NOISE_5 NOISE_2 NOISE_4 NOISE_4 NOISE_7 NOISE_4 NOISE_5 NOISE_4 NOISE_3 NOISE_6 NOISE_4 K28 VALUE_1 NOISE_4 NOISE_7 NOISE_5 NOISE_3 NOISE_0 NOISE_0 NOISE_2 NOISE_4 NOISE_7 NOISE_5 NOISE_5 NOISE_7 NOISE_7 NOISE_5 NOISE_0 NOISE_5 NOISE_1 NOISE_3 NOISE_0 NOISE_6 NOISE_4 K18 VALUE_0 NOISE_6 NOISE_1 NOISE_3 NOISE_6 NOISE_7 NOISE_1 NOISE_2 NOISE_0 NOISE_3 NOISE_2 NOISE_1 NOISE_2 NOISE_4 NOISE_4 NOISE_3 NOISE_3 NOISE_3 NOISE_3 NOISE_4 NOISE_1 NOISE_7 NOISE_7 NOISE_1 NOISE_4 NOISE_0 NOISE_5 NOISE_3 NOISE_5 NOISE_1 NOISE_1 NOISE_4 NOISE_6 NOISE_6 NOISE_7 NOISE_5 NOISE_3 K27 VALUE_0 NOISE_1 NOISE_5 NOISE_1 NOISE_2 NOISE_4 NOISE_7 NOISE_2 NOISE_5 NOISE_3 NOISE_7 NOISE_0 NOISE_3 NOISE_5 NOISE_0 NOISE_4 NOISE_4 NOISE_6 NOISE_1 NOISE_7 NOISE_1 K31 VALUE_1 NOISE_6 NOISE_2 NOISE_3 NOISE_0 NOISE_3 NOISE_4 NOISE_1 NOISE_0 NOISE_4 NOISE_0 NOISE_0 NOISE_4 NOISE_1 NOISE_5 NOISE_7 NOISE_7 NOISE_1 NOISE_5 NOISE_6 NOISE_3 NOISE_4 NOISE_7 NOISE_7 NOISE_3 NOISE_4 NOISE_0 NOISE_1 NOISE_7 NOISE_2 NOISE_5 NOISE_2 NOISE_7 NOISE_1 NOISE_5 NOISE_4 NOISE_5 NOISE_7 NOISE_7 NOISE_2 NOISE_5 NOISE_2 NOISE_5 NOISE_6 NOISE_1 NOISE_0 K24 VALUE_1 NOISE_5 K19 VALUE_1 NOISE_7 NOISE_3 NOISE_7 NOISE_5 NOISE_3 NOISE_5 NOISE_3 NOISE_0 NOISE_4 NOISE_3 NOISE_0 NOISE_2 NOISE_0 NOISE_4 NOISE_6 K13 VALUE_1 NOISE_4 K23 VALUE_0 NOISE_6 NOISE_0 NOISE_1 NOISE_3 NOISE_7 K1 VALUE_1 NOISE_2 NOISE_4 NOISE_1 NOISE_4 NOISE_5 NOISE_5 NOISE_7 NOISE_3 NOISE_3 NOISE_6 NOISE_1 NOISE_1 NOISE_0 NOISE_6 K8 VALUE_1 NOISE_0 NOISE_6 NOISE_2 NOISE_4 NOISE_3 NOISE_7 K14 VALUE_1 NOISE_7 NOISE_6 NOISE_4 NOISE_5 NOISE_2 NOISE_4 NOISE_1 NOISE_4 NOISE_4 NOISE_2 NOISE_7 NOISE_1 NOISE_1 NOISE_0 NOISE_4 NOISE_3 NOISE_3 NOISE_3 NOISE_0 NOISE_2 NOISE_3 NOISE_7 NOISE_3 NOISE_6 NOISE_7 NOISE_3 NOISE_3 NOISE_7 NOISE_0 NOISE_0 NOISE_2 NOISE_0 NOISE_1 NOISE_0 NOISE_7 NOISE_4 NOISE_5 NOISE_6 NOISE_3 NOISE_0 NOISE_6 Q17
17,K7,VALUE_0,128,3036,NOISE_6 NOISE_2 NOISE_0 NOISE_7 NOISE_2 NOISE_5 NOISE_5 NOISE_6 NOISE_4 NOISE_7 NOISE_5 NOISE_6 NOISE_1 NOISE_1 NOISE_1 NOISE_5 NOISE_0 NOISE_5 NOISE_1 NOISE_7 NOISE_0 K9 VALUE_0 NOISE_6 NOISE_5 NOISE_0 NOISE_3 NOISE_1 NOISE_6 NOISE_3 NOISE_1 NOISE_2 NOISE_4 NOISE_6 NOISE_1 K17 VALUE_0 NOISE_5 NOISE_7 NOISE_1 NOISE_7 NOISE_6 NOISE_7 NOISE_6 NOISE_1 NOISE_3 NOISE_5 NOISE_3 NOISE_1 NOISE_4 NOISE_7 NOISE_3 NOISE_5 NOISE_7 K3 VALUE_1 NOISE_1 NOISE_7 NOISE_6 NOISE_6 NOISE_3 NOISE_5 NOISE_5 NOISE_6 NOISE_3 NOISE_2 NOISE_3 NOISE_4 NOISE_4 NOISE_4 NOISE_2 NOISE_4 NOISE_2 NOISE_6 NOISE_3 NOISE_0 NOISE_2 NOISE_7 NOISE_4 NOISE_3 NOISE_6 NOISE_2 NOISE_5 K6 VALUE_1 NOISE_1 NOISE_4 NOISE_0 NOISE_6 NOISE_5 NOISE_1 NOISE_3 NOISE_0 NOISE_2 NOISE_2 NOISE_2 NOISE_2 NOISE_0 NOISE_2 NOISE_2 NOISE_6 NOISE_4 NOISE_3 NOISE_2 NOISE_2 NOISE_7 NOISE_1 NOISE_0 K20 VALUE_1 NOISE_5 NOISE_5 NOISE_2 NOISE_5 NOISE_7 NOISE_1 NOISE_1 NOISE_3 NOISE_0 NOISE_6 NOISE_0 NOISE_4 NOISE_5 NOISE_7 NOISE_5 NOISE_6 NOISE_7 NOISE_0 NOISE_4 NOISE_4 NOISE_2 NOISE_0 NOISE_1 NOISE_6 NOISE_4 NOISE_3 NOISE_5 NOISE_7 NOISE_1 NOISE_3 NOISE_6 NOISE_3 NOISE_1 NOISE_0 NOISE_5 NOISE_2 NOISE_5 NOISE_3 NOISE_5 K0 VALUE_0 NOISE_2 NOISE_0 NOISE_1 NOISE_5 NOISE_1 NOISE_3 NOISE_4 NOISE_0 NOISE_6 NOISE_3 NOISE_4 NOISE_5 NOISE_2 NOISE_5 NOISE_4 NOISE_0 NOISE_1 NOISE_3 NOISE_0 NOISE_1 NOISE_7 NOISE_5 NOISE_2 NOISE_2 NOISE_3 NOISE_4 NOISE_2 NOISE_4 K23 VALUE_1 NOISE_6 NOISE_6 NOISE_0 NOISE_7 NOISE_6 K10 VALUE_1 NOISE_0 NOISE_4 NOISE_4 NOISE_7 NOISE_7 NOISE_6 NOISE_3 NOISE_1 NOISE_7 NOISE_6 NOISE_0 NOISE_0 NOISE_1 K28 VALUE_0 NOISE_1 NOISE_1 NOISE_4 NOISE_4 NOISE_0 NOISE_2 NOISE_1 NOISE_0 NOISE_1 NOISE_5 NOISE_1 NOISE_2 NOISE_4 NOISE_2 NOISE_5 NOISE_1 NOISE_5 NOISE_0 NOISE_6 NOISE_0 NOISE_2 NOISE_1 NOISE_0 NOISE_2 NOISE_1 NOISE_2 NOISE_1 NOISE_0 NOISE_5 NOISE_3 NOISE_3 NOISE_1 NOISE_4 NOISE_6 NOISE_1 NOISE_2 NOISE_3 NOISE_2 NOISE_1 NOISE_5 NOISE_5 NOISE_3 NOISE_5 NOISE_6 NOISE_0 NOISE_3 NOISE_0 K8 VALUE_0 NOISE_4 NOISE_6 NOISE_0 NOISE_6 NOISE_6 NOISE_1 NOISE_5 NOISE_0 NOISE_1 NOISE_1 NOISE_5 NOISE_4 NOISE_0 NOISE_6 NOISE_5 NOISE_6 NOISE_7 NOISE_3 NOISE_5 NOISE_5 NOISE_4 NOISE_4 NOISE_1 NOISE_3 NOISE_2 NOISE_4 NOISE_6 K12 VALUE_0 NOISE_4 NOISE_7 NOISE_5 NOISE_1 NOISE_2 NOISE_2 NOISE_0 NOISE_4 NOISE_5 NOISE_2 NOISE_7 NOISE_1 NOISE_3 NOISE_0 NOISE_6 NOISE_3 NOISE_3 NOISE_3 NOISE_5 K18 VALUE_1 NOISE_3 NOISE_7 NOISE_3 NOISE_2 NOISE_4 K14 VALUE_1 NOISE_0 NOISE_0 NOISE_5 K5 VALUE_1 NOISE_6 NOISE_4 NOISE_6 NOISE_3 NOISE_5 NOISE_7 NOISE_2 NOISE_5 NOISE_2 NOISE_5 NOISE_6 NOISE_4 NOISE_2 NOISE_4 NOISE_4 NOISE_5 NOISE_3 NOISE_0 NOISE_6 NOISE_1 NOISE_6 NOISE_0 NOISE_3 NOISE_6 NOISE_3 NOISE_7 NOISE_2 NOISE_4 NOISE_3 K19 VALUE_0 NOISE_2 NOISE_3 NOISE_4 NOISE_2 K21 VALUE_1 NOISE_1 NOISE_5 K29 VALUE_1 NOISE_6 NOISE_7 NOISE_6 NOISE_1 K11 VALUE_1 NOISE_6 NOISE_3 NOISE_5 NOISE_7 NOISE_7 NOISE_1 NOISE_5 NOISE_5 NOISE_3 NOISE_1 NOISE_4 NOISE_2 NOISE_2 NOISE_4 NOISE_1 NOISE_6 NOISE_0 NOISE_2 NOISE_6 NOISE_4 NOISE_3 K7 VALUE_0 NOISE_3 NOISE_0 NOISE_7 NOISE_7 NOISE_7 NOISE_5 NOISE_5 NOISE_4 NOISE_0 NOISE_4 K16 VALUE_0 NOISE_2 NOISE_0 NOISE_1 NOISE_2 NOISE_6 NOISE_3 NOISE_6 NOISE_4 NOISE_5 NOISE_1 NOISE_3 NOISE_4 NOISE_5 NOISE_0 NOISE_3 NOISE_6 NOISE_7 NOISE_3 NOISE_6 NOISE_3 NOISE_2 NOISE_6 NOISE_2 NOISE_3 NOISE_0 NOISE_3 NOISE_6 NOISE_5 NOISE_1 NOISE_3 NOISE_5 NOISE_6 NOISE_7 NOISE_7 NOISE_2 NOISE_4 NOISE_3 NOISE_7 NOISE_5 NOISE_1 NOISE_4 NOISE_6 NOISE_3 K13 VALUE_0 NOISE_5 NOISE_3 NOISE_4 NOISE_3 NOISE_0 NOISE_3 NOISE_1 NOISE_2 NOISE_4 NOISE_4 NOISE_0 NOISE_3 NOISE_0 K26 VALUE_0 NOISE_2 NOISE_5 NOISE_1 NOISE_1 NOISE_6 NOISE_5 NOISE_4 NOISE_4 NOISE_5 NOISE_6 NOISE_7 NOISE_5 NOISE_7 NOISE_4 NOISE_6 NOISE_5 NOISE_1 NOISE_1 K24 VALUE_0 NOISE_6 NOISE_7 NOISE_7 NOISE_7 NOISE_2 NOISE_6 NOISE_4 NOISE_6 NOISE_0 NOISE_6 K27 VALUE_1 NOISE_7 NOISE_1 NOISE_3 NOISE_3 NOISE_0 NOISE_6 NOISE_1 NOISE_3 NOISE_2 NOISE_0 NOISE_4 NOISE_1 NOISE_2 NOISE_2 NOISE_3 NOISE_4 NOISE_1 NOISE_3 NOISE_4 NOISE_2 NOISE_4 NOISE_4 NOISE_5 Q7
18,K28,VALUE_1,16,450,NOISE_0 NOISE_2 NOISE_2 NOISE_7 NOISE_5 NOISE_0 NOISE_1 NOISE_2 NOISE_0 NOISE_1 NOISE_3 NOISE_7 NOISE_4 NOISE_3 NOISE_0 NOISE_1 NOISE_1 NOISE_0 NOISE_2 NOISE_6 NOISE_3 NOISE_7 NOISE_7 NOISE_6 NOISE_0 NOISE_2 NOISE_1 K3 VALUE_0 NOISE_3 NOISE_0 NOISE_7 NOISE_3 NOISE_3 NOISE_0 NOISE_7 NOISE_2 NOISE_1 NOISE_4 NOISE_4 NOISE_1 NOISE_7 NOISE_7 NOISE_1 NOISE_0 NOISE_4 NOISE_0 NOISE_6 NOISE_3 NOISE_7 NOISE_4 NOISE_3 NOISE_0 NOISE_4 NOISE_2 NOISE_0 NOISE_2 NOISE_6 NOISE_0 NOISE_4 NOISE_7 NOISE_1 NOISE_2 NOISE_4 NOISE_6 NOISE_2 NOISE_3 NOISE_7 NOISE_4 NOISE_3 NOISE_3 NOISE_3 NOISE_6 NOISE_3 NOISE_4 NOISE_6 NOISE_6 NOISE_3 NOISE_3 NOISE_7 NOISE_1 NOISE_2 NOISE_5 NOISE_0 NOISE_1 NOISE_6 K1 VALUE_0 NOISE_6 NOISE_1 NOISE_5 K20 VALUE_1 K11 VALUE_1 NOISE_1 K24 VALUE_0 NOISE_5 NOISE_7 NOISE_2 NOISE_4 NOISE_6 NOISE_4 NOISE_1 NOISE_0 NOISE_5 NOISE_6 NOISE_7 NOISE_5 NOISE_1 K6 VALUE_1 NOISE_4 NOISE_6 NOISE_5 NOISE_4 NOISE_3 NOISE_4 NOISE_6 NOISE_4 NOISE_2 NOISE_5 NOISE_4 NOISE_2 NOISE_0 NOISE_0 NOISE_5 NOISE_7 NOISE_6 NOISE_3 NOISE_4 NOISE_1 NOISE_5 NOISE_4 NOISE_0 NOISE_4 NOISE_6 NOISE_2 NOISE_2 NOISE_0 NOISE_5 NOISE_5 NOISE_5 NOISE_4 NOISE_7 NOISE_6 NOISE_1 K23 VALUE_1 NOISE_7 NOISE_4 NOISE_4 NOISE_5 NOISE_5 NOISE_3 NOISE_7 NOISE_5 NOISE_5 NOISE_4 NOISE_6 NOISE_2 NOISE_0 NOISE_2 NOISE_2 K9 VALUE_0 K15 VALUE_1 NOISE_0 NOISE_7 NOISE_4 NOISE_0 NOISE_6 NOISE_2 NOISE_7 NOISE_4 NOISE_5 NOISE_3 NOISE_6 NOISE_0 NOISE_6 NOISE_6 NOISE_3 NOISE_5 NOISE_4 NOISE_5 NOISE_4 NOISE_7 NOISE_2 NOISE_2 NOISE_2 NOISE_3 NOISE_4 NOISE_6 NOISE_5 NOISE_4 NOISE_2 NOISE_6 NOISE_7 NOISE_3 K4 VALUE_1 NOISE_5 NOISE_3 NOISE_3 NOISE_2 NOISE_7 NOISE_2 NOISE_4 NOISE_6 NOISE_0 NOISE_0 NOISE_3 NOISE_2 NOISE_4 NOISE_1 NOISE_4 NOISE_3 NOISE_3 NOISE_0 NOISE_3 NOISE_2 NOISE_4 NOISE_7 NOISE_4 NOISE_4 NOISE_7 NOISE_0 NOISE_7 NOISE_3 NOISE_4 NOISE_0 NOISE_5 NOISE_0 NOISE_0 NOISE_5 NOISE_3 NOISE_2 NOISE_2 NOISE_0 NOISE_1 NOISE_3 NOISE_1 NOISE_0 NOISE_4 NOISE_4 NOISE_5 NOISE_3 NOISE_7 NOISE_0 NOISE_7 NOISE_2 NOISE_0 NOISE_1 NOISE_5 NOISE_7 NOISE_1 NOISE_7 NOISE_7 NOISE_5 NOISE_2 NOISE_4 NOISE_1 K0 VALUE_1 NOISE_2 NOISE_1 NOISE_7 NOISE_0 NOISE_2 NOISE_3 NOISE_1 NOISE_6 NOISE_1 NOISE_3 NOISE_0 NOISE_7 K31 VALUE_0 NOISE_6 NOISE_6 NOISE_1 NOISE_4 NOISE_6 NOISE_0 NOISE_7 NOISE_1 K19 VALUE_0 NOISE_7 NOISE_7 NOISE_3 NOISE_5 NOISE_7 NOISE_5 NOISE_6 K7 VALUE_1 NOISE_3 NOISE_4 NOISE_1 NOISE_6 NOISE_3 NOISE_0 NOISE_2 NOISE_5 NOISE_2 NOISE_1 K25 VALUE_0 NOISE_3 NOISE_2 NOISE_7 NOISE_3 NOISE_5 NOISE_1 NOISE_0 NOISE_5 NOISE_7 NOISE_0 NOISE_1 NOISE_3 NOISE_3 NOISE_7 NOISE_5 NOISE_0 NOISE_0 NOISE_5 NOISE_1 NOISE_0 NOISE_1 NOISE_2 NOISE_3 NOISE_1 NOISE_7 NOISE_7 NOISE_6 NOISE_3 NOISE_3 NOISE_6 NOISE_5 NOISE_7 NOISE_3 NOISE_5 NOISE_7 NOISE_0 K16 VALUE_1 NOISE_1 NOISE_5 NOISE_5 NOISE_6 NOISE_3 NOISE_1 NOISE_0 NOISE_0 NOISE_5 NOISE_3 NOISE_1 NOISE_2 NOISE_0 NOISE_7 NOISE_0 NOISE_3 NOISE_4 NOISE_6 K17 VALUE_1 NOISE_3 NOISE_4 NOISE_1 NOISE_1 NOISE_4 NOISE_3 NOISE_1 NOISE_4 NOISE_3 NOISE_0 NOISE_3 NOISE_2 NOISE_5 NOISE_1 NOISE_7 NOISE_4 NOISE_2 NOISE_4 NOISE_5 NOISE_1 NOISE_6 NOISE_6 K8 VALUE_0 NOISE_3 NOISE_4 NOISE_3 NOISE_4 K12 VALUE_0 NOISE_7 NOISE_3 NOISE_2 NOISE_1 NOISE_7 NOISE_1 NOISE_7 NOISE_1 NOISE_7 NOISE_1 NOISE_3 NOISE_3 NOISE_4 NOISE_3 NOISE_5 NOISE_5 NOISE_1 NOISE_5 NOISE_3 NOISE_4 NOISE_4 NOISE_1 NOISE_2 NOISE_2 NOISE_0 NOISE_5 NOISE_2 NOISE_2 NOISE_7 NOISE_0 NOISE_4 NOISE_6 NOISE_0 NOISE_5 K2 VALUE_0 NOISE_1 NOISE_7 NOISE_7 NOISE_7 NOISE_2 NOISE_7 NOISE_2 NOISE_1 NOISE_6 NOISE_6 NOISE_7 NOISE_4 NOISE_4 NOISE_2 NOISE_0 NOISE_6 NOISE_3 NOISE_2 NOISE_0 NOISE_5 NOISE_7 NOISE_1 NOISE_3 NOISE_7 NOISE_3 NOISE_4 NOISE_1 K5 VALUE_0 NOISE_6 NOISE_4 NOISE_3 NOISE_6 NOISE_6 NOISE_0 NOISE_3 K30 VALUE_0 NOISE_6 NOISE_5 NOISE_0 NOISE_2 NOISE_1 NOISE_4 NOISE_6 NOISE_1 NOISE_4 NOISE_7 NOISE_0 NOISE_5 NOISE_4 NOISE_4 NOISE_4 NOISE_2 NOISE_2 NOISE_6 NOISE_3 NOISE_5 NOISE_4 K28 VALUE_1 NOISE_7 K21 VALUE_1 NOISE_7 NOISE_6 NOISE_5 NOISE_6 NOISE_1 NOISE_2 NOISE_6 NOISE_1 NOISE_1 NOISE_0 NOISE_6 NOISE_5 Q28
19,K28,VALUE_0,128,3483,NOISE_3 NOISE_1 NOISE_7 NOISE_2 NOISE_2 NOISE_4 NOISE_6 NOISE_0 K4 VALUE_1 NOISE_6 K13 VALUE_0 NOISE_0 NOISE_1 NOISE_5 NOISE_7 NOISE_6 NOISE_3 NOISE_3 NOISE_4 NOISE_0 NOISE_7 NOISE_3 NOISE_2 NOISE_7 NOISE_5 K12 VALUE_1 NOISE_3 NOISE_1 NOISE_7 NOISE_0 NOISE_2 NOISE_1 NOISE_7 NOISE_0 NOISE_0 NOISE_4 NOISE_1 K23 VALUE_0 NOISE_2 NOISE_2 NOISE_0 NOISE_6 NOISE_6 NOISE_7 NOISE_5 NOISE_3 NOISE_6 NOISE_7 NOISE_3 NOISE_4 NOISE_4 NOISE_7 NOISE_1 NOISE_1 NOISE_7 NOISE_2 NOISE_3 NOISE_5 NOISE_1 NOISE_7 NOISE_7 NOISE_4 NOISE_2 NOISE_2 NOISE_6 NOISE_2 NOISE_7 NOISE_6 NOISE_3 K3 VALUE_0 NOISE_5 NOISE_5 NOISE_3 NOISE_0 NOISE_0 NOISE_2 NOISE_6 NOISE_5 NOISE_1 NOISE_6 NOISE_1 NOISE_4 NOISE_4 NOISE_5 NOISE_6 NOISE_2 NOISE_5 NOISE_7 NOISE_0 NOISE_2 NOISE_4 NOISE_7 NOISE_6 NOISE_4 NOISE_3 NOISE_4 NOISE_6 NOISE_0 NOISE_3 NOISE_6 NOISE_3 NOISE_7 NOISE_7 K17 VALUE_1 NOISE_4 NOISE_2 NOISE_0 NOISE_1 NOISE_6 NOISE_3 NOISE_3 NOISE_3 NOISE_0 NOISE_7 NOISE_7 NOISE_4 NOISE_5 NOISE_5 NOISE_0 NOISE_3 NOISE_2 NOISE_4 NOISE_4 NOISE_5 NOISE_6 NOISE_5 NOISE_6 NOISE_3 NOISE_4 NOISE_6 NOISE_0 NOISE_3 NOISE_4 NOISE_0 NOISE_5 NOISE_7 NOISE_7 NOISE_2 NOISE_5 NOISE_1 NOISE_7 NOISE_3 NOISE_7 NOISE_6 K20 VALUE_0 NOISE_6 NOISE_3 NOISE_6 NOISE_7 K0 VALUE_0 NOISE_2 NOISE_7 K27 VALUE_0 NOISE_5 NOISE_2 NOISE_0 NOISE_4 NOISE_3 NOISE_7 NOISE_7 NOISE_5 NOISE_4 NOISE_1 NOISE_6 NOISE_0 NOISE_6 NOISE_2 NOISE_7 K24 VALUE_0 NOISE_3 NOISE_0 NOISE_1 NOISE_5 NOISE_1 NOISE_5 NOISE_5 NOISE_5 NOISE_5 NOISE_7 NOISE_1 NOISE_6 NOISE_0 NOISE_3 NOISE_5 NOISE_1 NOISE_1 NOISE_4 NOISE_2 NOISE_7 NOISE_7 NOISE_1 NOISE_3 NOISE_7 NOISE_0 NOISE_2 NOISE_7 NOISE_6 NOISE_7 NOISE_6 NOISE_3 NOISE_0 NOISE_0 NOISE_5 NOISE_7 NOISE_2 NOISE_3 NOISE_6 NOISE_1 NOISE_1 NOISE_2 NOISE_3 NOISE_6 NOISE_6 NOISE_4 NOISE_5 NOISE_0 NOISE_4 NOISE_5 NOISE_2 NOISE_1 NOISE_0 NOISE_5 K11 VALUE_1 NOISE_5 NOISE_2 NOISE_5 NOISE_1 NOISE_5 NOISE_5 NOISE_3 NOISE_4 NOISE_7 NOISE_2 NOISE_7 NOISE_4 NOISE_3 NOISE_1 NOISE_0 NOISE_5 NOISE_4 NOISE_6 NOISE_6 NOISE_2 NOISE_0 NOISE_4 NOISE_7 NOISE_4 NOISE_1 NOISE_7 NOISE_7 K10 VALUE_0 NOISE_7 NOISE_6 NOISE_1 NOISE_3 NOISE_1 NOISE_5 NOISE_6 NOISE_7 NOISE_3 NOISE_5 NOISE_7 NOISE_0 NOISE_5 NOISE_5 NOISE_6 NOISE_7 NOISE_4 NOISE_6 NOISE_6 NOISE_7 NOISE_3 NOISE_4 NOISE_6 NOISE_4 NOISE_2 NOISE_3 NOISE_7 NOISE_0 NOISE_3 NOISE_3 NOISE_3 NOISE_7 NOISE_2 NOISE_4 NOISE_1 NOISE_1 NOISE_5 NOISE_4 NOISE_4 NOISE_2 NOISE_0 NOISE_3 NOISE_0 NOISE_2 NOISE_4 NOISE_6 NOISE_3 NOISE_2 NOISE_5 NOISE_3 NOISE_3 NOISE_4 NOISE_5 NOISE_2 NOISE_6 NOISE_2 NOISE_5 NOISE_0 NOISE_6 NOISE_7 NOISE_7 NOISE_3 NOISE_1 NOISE_1 NOISE_6 NOISE_6 NOISE_3 NOISE_4 NOISE_5 NOISE_7 NOISE_0 NOISE_4 NOISE_6 NOISE_3 NOISE_0 K9 VALUE_1 NOISE_0 NOISE_3 NOISE_5 NOISE_6 NOISE_7 NOISE_2 NOISE_3 NOISE_0 NOISE_1 NOISE_6 NOISE_0 NOISE_5 NOISE_6 NOISE_4 NOISE_5 NOISE_7 NOISE_0 NOISE_3 NOISE_3 NOISE_5 NOISE_3 NOISE_7 NOISE_5 NOISE_2 NOISE_0 NOISE_0 NOISE_6 NOISE_3 NOISE_7 NOISE_3 NOISE_7 NOISE_1 NOISE_3 NOISE_4 NOISE_7 NOISE_4 NOISE_6 NOISE_7 NOISE_5 NOISE_6 NOISE_3 NOISE_6 K28 VALUE_0 NOISE_4 NOISE_3 NOISE_1 NOISE_4 NOISE_6 NOISE_5 K29 VALUE_1 NOISE_6 NOISE_4 K30 VALUE_1 NOISE_5 K25 VALUE_0 NOISE_5 NOISE_6 NOISE_5 NOISE_6 NOISE_1 NOISE_4 NOISE_0 NOISE_4 NOISE_7 NOISE_0 NOISE_0 NOISE_5 K26 VALUE_1 NOISE_0 NOISE_1 NOISE_1 NOISE_5 NOISE_6 NOISE_6 K1 VALUE_1 NOISE_4 NOISE_1 NOISE_1 NOISE_3 NOISE_0 NOISE_7 NOISE_5 NOISE_7 NOISE_2 NOISE_6 NOISE_0 K5 VALUE_0 NOISE_2 NOISE_5 NOISE_3 NOISE_0 K7 VALUE_1 NOISE_4 NOISE_0 NOISE_2 NOISE_3 NOISE_0 NOISE_1 NOISE_0 NOISE_3 NOISE_6 NOISE_4 NOISE_4 NOISE_0 NOISE_1 K16 VALUE_1 NOISE_4 NOISE_3 NOISE_0 NOISE_4 K15 VALUE_0 NOISE_7 NOISE_1 NOISE_1 NOISE_4 NOISE_5 NOISE_4 NOISE_5 NOISE_3 NOISE_1 NOISE_3 NOISE_1 NOISE_6 NOISE_7 NOISE_1 NOISE_6 NOISE_6 NOISE_1 NOISE_3 NOISE_6 NOISE_5 NOISE_2 NOISE_7 NOISE_5 NOISE_6 NOISE_0 NOISE_2 NOISE_1 NOISE_7 NOISE_1 K18 VALUE_1 NOISE_6 NOISE_7 NOISE_5 NOISE_6 NOISE_5 NOISE_4 NOISE_5 NOISE_5 NOISE_5 NOISE_2 NOISE_0 NOISE_2 NOISE_4 NOISE_0 NOISE_3 NOISE_7 NOISE_5 NOISE_0 NOISE_0 Q28
20,K23,VALUE_0,384,5792,NOISE_1 NOISE_4 NOISE_5 NOISE_1 NOISE_7 NOISE_5 NOISE_4 NOISE_1 NOISE_4 NOISE_5 NOISE_6 NOISE_1 NOISE_3 NOISE_1 NOISE_3 NOISE_5 NOISE_7 NOISE_5 NOISE_0 NOISE_2 NOISE_0 NOISE_1 NOISE_4 NOISE_2 NOISE_0 NOISE_0 NOISE_2 NOISE_7 NOISE_1 NOISE_2 NOISE_7 NOISE_1 NOISE_4 NOISE_6 NOISE_4 NOISE_4 NOISE_4 NOISE_5 NOISE_6 NOISE_7 NOISE_5 NOISE_0 NOISE_5 NOISE_4 NOISE_7 NOISE_1 NOISE_1 NOISE_6 NOISE_4 NOISE_7 NOISE_6 NOISE_1 NOISE_0 NOISE_6 NOISE_3 NOISE_0 NOISE_7 NOISE_0 NOISE_5 NOISE_0 NOISE_0 NOISE_2 NOISE_7 NOISE_6 NOISE_2 NOISE_6 NOISE_5 NOISE_4 NOISE_0 NOISE_3 NOISE_3 NOISE_5 NOISE_6 NOISE_2 NOISE_6 NOISE_6 NOISE_2 NOISE_4 NOISE_7 NOISE_7 NOISE_3 NOISE_6 NOISE_7 NOISE_5 NOISE_5 NOISE_4 NOISE_6 NOISE_0 NOISE_6 NOISE_3 NOISE_2 NOISE_3 NOISE_6 NOISE_1 NOISE_6 NOISE_2 NOISE_2 NOISE_1 K30 VALUE_1 K22 VALUE_0 NOISE_0 NOISE_6 NOISE_5 NOISE_7 NOISE_5 NOISE_4 NOISE_2 NOISE_0 NOISE_4 NOISE_6 NOISE_0 NOISE_7 NOISE_3 NOISE_3 K6 VALUE_1 NOISE_7 NOISE_4 NOISE_1 NOISE_4 K14 VALUE_1 NOISE_6 NOISE_0 K23 VALUE_0 NOISE_1 NOISE_2 NOISE_2 NOISE_1 NOISE_7 NOISE_7 NOISE_3 NOISE_5 NOISE_0 NOISE_0 NOISE_1 NOISE_5 NOISE_7 NOISE_5 NOISE_5 NOISE_4 NOISE_5 NOISE_4 NOISE_6 NOISE_2 NOISE_7 NOISE_4 NOISE_2 K27 VALUE_0 NOISE_3 NOISE_3 NOISE_5 K26 VALUE_1 NOISE_0 NOISE_4 NOISE_6 NOISE_3 K18 VALUE_0 NOISE_0 NOISE_5 K31 VALUE_1 NOISE_0 NOISE_5 NOISE_4 NOISE_6 NOISE_7 NOISE_1 NOISE_5 NOISE_1 NOISE_7 NOISE_7 NOISE_7 NOISE_1 NOISE_2 NOISE_7 NOISE_4 NOISE_4 NOISE_2 NOISE_5 NOISE_6 NOISE_3 NOISE_7 NOISE_4 NOISE_4 NOISE_5 NOISE_0 NOISE_2 NOISE_6 NOISE_7 NOISE_5 NOISE_7 NOISE_6 NOISE_7 NOISE_1 NOISE_0 NOISE_1 NOISE_5 K4 VALUE_0 NOISE_5 NOISE_0 NOISE_3 K21 VALUE_0 NOISE_7 NOISE_1 NOISE_5 NOISE_7 K8 VALUE_1 NOISE_5 NOISE_3 NOISE_7 NOISE_3 NOISE_5 NOISE_1 NOISE_7 NOISE_6 NOISE_3 NOISE_1 NOISE_1 NOISE_1 NOISE_0 NOISE_4 NOISE_7 NOISE_5 NOISE_2 NOISE_3 NOISE_0 NOISE_5 NOISE_7 NOISE_1 NOISE_2 K28 VALUE_0 NOISE_7 NOISE_4 NOISE_3 NOISE_4 NOISE_1 NOISE_2 NOISE_2 NOISE_1 NOISE_3 NOISE_1 NOISE_2 NOISE_5 NOISE_1 K17 VALUE_0 NOISE_1 NOISE_3 NOISE_4 NOISE_3 NOISE_6 NOISE_2 NOISE_7 NOISE_3 NOISE_7 NOISE_0 NOISE_3 NOISE_2 NOISE_4 NOISE_4 NOISE_2 NOISE_5 NOISE_1 NOISE_4 K16 VALUE_1 NOISE_3 NOISE_1 NOISE_0 NOISE_6 NOISE_0 NOISE_4 NOISE_1 NOISE_0 NOISE_3 NOISE_2 NOISE_2 NOISE_7 K20 VALUE_1 NOISE_4 NOISE_6 NOISE_5 NOISE_5 NOISE_4 NOISE_7 NOISE_3 NOISE_2 NOISE_5 NOISE_7 NOISE_1 NOISE_7 NOISE_4 NOISE_1 K5 VALUE_0 NOISE_5 NOISE_1 NOISE_6 NOISE_1 NOISE_4 K7 VALUE_0 NOISE_1 NOISE_5 NOISE_4 NOISE_4 NOISE_4 NOISE_7 NOISE_4 NOISE_2 NOISE_3 NOISE_2 NOISE_2 NOISE_5 NOISE_4 NOISE_4 NOISE_7 NOISE_5 NOISE_6 NOISE_3 NOISE_4 NOISE_6 NOISE_3 NOISE_2 NOISE_4 NOISE_0 NOISE_7 NOISE_5 NOISE_3 NOISE_4 NOISE_1 NOISE_2 NOISE_1 NOISE_1 NOISE_5 NOISE_7 NOISE_4 NOISE_5 K11 VALUE_1 NOISE_1 NOISE_5 NOISE_4 NOISE_7 NOISE_2 NOISE_6 NOISE_3 NOISE_2 NOISE_5 NOISE_0 NOISE_4 NOISE_3 NOISE_2 NOISE_5 NOISE_6 NOISE_1 K3 VALUE_1 NOISE_7 NOISE_4 NOISE_0 NOISE_3 NOISE_6 NOISE_7 NOISE_6 NOISE_7 K10 VALUE_1 NOISE_5 NOISE_5 NOISE_2 NOISE_6 NOISE_3 NOISE_7 NOISE_7 NOISE_0 NOISE_6 NOISE_4 NOISE_1 NOISE_2 NOISE_2 NOISE_6 NOISE_3 NOISE_4 NOISE_0 NOISE_6 NOISE_3 NOISE_3 NOISE_1 NOISE_4 NOISE_4 NOISE_1 NOISE_5 NOISE_4 NOISE_6 NOISE_7 NOISE_2 NOISE_4 NOISE_3 NOISE_7 NOISE_0 NOISE_7 NOISE_5 NOISE_5 NOISE_3 NOISE_4 NOISE_5 NOISE_6 NOISE_7 NOISE_1 K12 VALUE_1 NOISE_5 NOISE_6 NOISE_7 NOISE_2 NOISE_3 NOISE_5 NOISE_1 NOISE_0 NOISE_5 NOISE_3 NOISE_7 NOISE_1 NOISE_5 NOISE_4 NOISE_3 NOISE_3 NOISE_6 NOISE_3 NOISE_1 NOISE_7 NOISE_6 NOISE_2 NOISE_1 NOISE_2 NOISE_0 NOISE_1 NOISE_4 NOISE_6 NOISE_4 NOISE_7 NOISE_3 NOISE_4 NOISE_0 NOISE_0 NOISE_7 NOISE_1 NOISE_7 NOISE_1 NOISE_6 NOISE_0 NOISE_7 NOISE_4 NOISE_5 NOISE_0 NOISE_6 NOISE_4 NOISE_5 NOISE_7 NOISE_7 NOISE_1 NOISE_4 NOISE_4 NOISE_5 NOISE_2 NOISE_1 NOISE_3 NOISE_7 NOISE_3 NOISE_0 K15 VALUE_0 NOISE_4 NOISE_2 NOISE_2 NOISE_2 NOISE_0 NOISE_2 NOISE_0 NOISE_4 NOISE_5 NOISE_7 NOISE_3 NOISE_5 NOISE_2 NOISE_6 NOISE_1 K25 VALUE_0 NOISE_0 NOISE_0 NOISE_6 NOISE_1 NOISE_0 NOISE_7 NOISE_1 NOISE_5 NOISE_1 Q23
21,K10,VALUE_0,64,1619,NOISE_3 NOISE_4 NOISE_3 NOISE_0 NOISE_0 NOISE_3 NOISE_7 NOISE_3 NOISE_0 NOISE_1 NOISE_3 NOISE_6 NOISE_4 NOISE_0 NOISE_5 NOISE_2 NOISE_2 NOISE_0 NOISE_7 NOISE_1 NOISE_2 NOISE_7 NOISE_5 NOISE_3 NOISE_1 NOISE_0 NOISE_1 NOISE_2 NOISE_1 NOISE_6 NOISE_2 NOISE_1 NOISE_1 NOISE_6 NOISE_4 NOISE_6 NOISE_2 NOISE_5 NOISE_1 NOISE_2 NOISE_4 NOISE_2 NOISE_7 NOISE_2 NOISE_3 NOISE_3 NOISE_4 NOISE_6 NOISE_2 NOISE_2 NOISE_3 NOISE_7 NOISE_0 NOISE_6 NOISE_3 NOISE_2 NOISE_5 NOISE_2 NOISE_4 NOISE_7 NOISE_3 NOISE_7 NOISE_4 NOISE_0 NOISE_2 NOISE_6 NOISE_6 K28 VALUE_1 NOISE_3 NOISE_4 NOISE_4 NOISE_5 K19 VALUE_1 NOISE_7 NOISE_6 NOISE_3 NOISE_1 NOISE_4 NOISE_0 NOISE_6 NOISE_1 NOISE_5 NOISE_5 NOISE_4 NOISE_1 NOISE_4 NOISE_3 NOISE_4 NOISE_7 NOISE_4 NOISE_1 K8 VALUE_1 NOISE_0 NOISE_0 K11 VALUE_0 NOISE_6 NOISE_6 NOISE_2 NOISE_0 NOISE_1 NOISE_7 NOISE_0 NOISE_0 NOISE_7 NOISE_2 NOISE_3 NOISE_7 NOISE_0 NOISE_1 NOISE_4 NOISE_1 NOISE_5 NOISE_4 NOISE_5 NOISE_4 NOISE_2 K26 VALUE_1 NOISE_7 NOISE_5 NOISE_1 NOISE_3 NOISE_7 NOISE_6 NOISE_3 NOISE_1 NOISE_2 NOISE_2 NOISE_0 NOISE_6 NOISE_4 NOISE_5 NOISE_3 NOISE_5 NOISE_2 NOISE_3 NOISE_7 NOISE_3 NOISE_2 NOISE_6 NOISE_7 NOISE_5 NOISE_4 NOISE_5 NOISE_2 NOISE_5 NOISE_3 K9 VALUE_0 NOISE_6 NOISE_2 NOISE_6 NOISE_1 NOISE_0 NOISE_2 NOISE_6 NOISE_7 NOISE_6 NOISE_4 NOISE_6 NOISE_4 NOISE_3 NOISE_1 NOISE_5 K23 VALUE_1 NOISE_3 NOISE_7 NOISE_1 NOISE_0 NOISE_0 NOISE_7 NOISE_6 NOISE_0 NOISE_6 NOISE_5 NOISE_4 NOISE_7 NOISE_3 NOISE_0 K1 VALUE_0 NOISE_6 NOISE_5 NOISE_0 NOISE_3 NOISE_5 NOISE_5 NOISE_6 NOISE_0 NOISE_3 NOISE_0 NOISE_3 NOISE_3 NOISE_7 NOISE_4 NOISE_5 NOISE_4 NOISE_6 NOISE_5 NOISE_7 NOISE_5 NOISE_0 NOISE_7 NOISE_5 K31 VALUE_1 NOISE_5 NOISE_6 NOISE_2 NOISE_7 NOISE_7 NOISE_5 NOISE_5 NOISE_4 NOISE_3 NOISE_3 NOISE_7 NOISE_3 NOISE_4 NOISE_4 NOISE_3 NOISE_0 K18 VALUE_0 NOISE_4 NOISE_2 NOISE_0 NOISE_3 NOISE_6 NOISE_0 NOISE_6 NOISE_5 NOISE_1 NOISE_5 NOISE_7 NOISE_6 NOISE_2 NOISE_4 NOISE_7 NOISE_0 NOISE_1 NOISE_5 NOISE_4 NOISE_4 NOISE_3 NOISE_7 NOISE_4 NOISE_2 NOISE_5 NOISE_0 K15 VALUE_0 NOISE_1 NOISE_6 NOISE_1 NOISE_1 NOISE_7 NOISE_7 NOISE_6 NOISE_0 NOISE_1 NOISE_2 K25 VALUE_1 NOISE_7 NOISE_7 NOISE_0 NOISE_6 NOISE_7 NOISE_0 NOISE_2 NOISE_2 NOISE_7 NOISE_1 NOISE_2 NOISE_4 NOISE_6 NOISE_5 NOISE_4 NOISE_3 NOISE_5 NOISE_4 NOISE_7 NOISE_4 NOISE_1 NOISE_2 NOISE_4 NOISE_2 NOISE_2 NOISE_2 NOISE_5 NOISE_5 NOISE_7 NOISE_6 NOISE_7 NOISE_0 NOISE_7 NOISE_4 NOISE_6 NOISE_1 NOISE_3 K5 VALUE_0 NOISE_3 NOISE_0 NOISE_0 NOISE_7 NOISE_4 NOISE_3 NOISE_6 NOISE_3 NOISE_0 NOISE_5 NOISE_0 K0 VALUE_1 NOISE_3 NOISE_4 NOISE_5 NOISE_7 NOISE_2 NOISE_3 NOISE_3 NOISE_3 K24 VALUE_0 NOISE_0 NOISE_7 NOISE_1 NOISE_6 NOISE_5 NOISE_5 NOISE_4 NOISE_2 NOISE_1 NOISE_2 NOISE_2 NOISE_7 NOISE_2 NOISE_4 NOISE_3 K2 VALUE_0 NOISE_5 NOISE_6 NOISE_3 NOISE_3 NOISE_0 NOISE_5 NOISE_4 NOISE_6 NOISE_3 NOISE_2 NOISE_6 NOISE_3 K29 VALUE_1 NOISE_2 NOISE_4 NOISE_2 NOISE_2 NOISE_4 NOISE_3 NOISE_2 NOISE_0 NOISE_4 NOISE_4 NOISE_6 NOISE_4 NOISE_5 NOISE_5 NOISE_0 NOISE_0 NOISE_5 NOISE_1 NOISE_0 NOISE_0 NOISE_7 NOISE_6 NOISE_3 NOISE_7 NOISE_6 NOISE_3 K21 VALUE_1 K16 VALUE_0 NOISE_1 NOISE_6 NOISE_0 NOISE_1 NOISE_5 NOISE_7 NOISE_1 NOISE_5 NOISE_1 NOISE_6 NOISE_1 NOISE_2 NOISE_3 NOISE_0 NOISE_2 NOISE_7 NOISE_2 NOISE_3 NOISE_3 NOISE_5 NOISE_1 NOISE_4 NOISE_3 NOISE_0 NOISE_1 NOISE_6 K12 VALUE_0 NOISE_4 NOISE_2 NOISE_4 NOISE_2 NOISE_3 K17 VALUE_1 NOISE_1 NOISE_1 NOISE_4 NOISE_1 NOISE_0 NOISE_3 NOISE_2 NOISE_5 NOISE_3 NOISE_3 NOISE_6 NOISE_5 NOISE_2 NOISE_7 NOISE_7 NOISE_0 NOISE_3 NOISE_5 NOISE_4 K10 VALUE_0 NOISE_4 NOISE_4 NOISE_1 NOISE_0 NOISE_0 NOISE_5 NOISE_1 NOISE_4 NOISE_3 NOISE_7 NOISE_1 NOISE_5 NOISE_2 NOISE_2 NOISE_2 NOISE_1 NOISE_2 NOISE_5 NOISE_6 NOISE_7 NOISE_2 NOISE_7 NOISE_1 NOISE_1 NOISE_1 NOISE_2 NOISE_4 NOISE_6 NOISE_0 NOISE_3 K3 VALUE_1 NOISE_0 NOISE_5 NOISE_1 NOISE_3 NOISE_6 NOISE_3 K7 VALUE_0 NOISE_5 NOISE_6 NOISE_6 NOISE_5 NOISE_5 NOISE_4 NOISE_7 NOISE_4 NOISE_1 NOISE_7 NOISE_4 NOISE_6 NOISE_5 NOISE_0 NOISE_6 NOISE_3 NOISE_6 NOISE_2 NOISE_2 NOISE_3 NOISE_3 NOISE_2 NOISE_2 Q10
22,K15,VALUE_1,64,2430,NOISE_7 NOISE_2 NOISE_4 NOISE_6 NOISE_6 NOISE_3 NOISE_3 NOISE_1 NOISE_6 NOISE_6 NOISE_5 NOISE_5 K9 VALUE_1 NOISE_7 NOISE_1 NOISE_5 NOISE_5 NOISE_3 NOISE_2 NOISE_6 NOISE_2 NOISE_1 NOISE_6 NOISE_7 NOISE_4 NOISE_2 NOISE_3 NOISE_5 NOISE_6 NOISE_0 NOISE_7 NOISE_5 NOISE_4 NOISE_5 NOISE_4 NOISE_2 NOISE_1 NOISE_5 NOISE_6 NOISE_2 NOISE_5 NOISE_3 NOISE_0 NOISE_3 NOISE_3 NOISE_0 NOISE_4 NOISE_1 NOISE_4 NOISE_5 NOISE_7 NOISE_3 NOISE_0 NOISE_4 NOISE_4 NOISE_2 K18 VALUE_0 NOISE_0 NOISE_6 NOISE_5 NOISE_2 NOISE_3 NOISE_1 NOISE_0 NOISE_7 NOISE_4 NOISE_6 NOISE_2 NOISE_2 NOISE_4 NOISE_4 NOISE_0 NOISE_2 NOISE_2 NOISE_6 NOISE_5 NOISE_3 NOISE_3 NOISE_0 NOISE_4 NOISE_6 NOISE_5 NOISE_4 NOISE_7 NOISE_1 K25 VALUE_0 NOISE_7 NOISE_7 NOISE_6 NOISE_0 NOISE_2 NOISE_3 K8 VALUE_0 NOISE_6 NOISE_5 NOISE_0 NOISE_6 NOISE_1 NOISE_5 NOISE_2 K20 VALUE_1 NOISE_1 NOISE_7 NOISE_3 NOISE_7 NOISE_0 NOISE_7 NOISE_3 NOISE_2 NOISE_5 NOISE_3 NOISE_6 NOISE_6 NOISE_3 NOISE_6 NOISE_4 NOISE_6 NOISE_7 NOISE_6 NOISE_7 NOISE_1 NOISE_6 NOISE_7 NOISE_6 NOISE_2 NOISE_5 NOISE_4 NOISE_0 K27 VALUE_1 K16 VALUE_0 NOISE_5 NOISE_7 NOISE_7 NOISE_7 NOISE_7 NOISE_3 NOISE_1 NOISE_5 NOISE_6 NOISE_1 NOISE_1 NOISE_6 NOISE_6 NOISE_7 NOISE_6 NOISE_1 NOISE_7 NOISE_2 NOISE_0 NOISE_7 NOISE_3 NOISE_3 NOISE_2 NOISE_3 NOISE_7 NOISE_7 NOISE_7 NOISE_2 NOISE_3 NOISE_3 NOISE_7 NOISE_4 NOISE_1 NOISE_2 NOISE_6 NOISE_6 NOISE_6 NOISE_3 NOISE_2 NOISE_2 NOISE_1 K26 VALUE_0 NOISE_4 NOISE_1 NOISE_7 NOISE_5 NOISE_0 NOISE_7 NOISE_6 NOISE_4 NOISE_7 NOISE_3 NOISE_0 NOISE_4 NOISE_0 NOISE_6 NOISE_0 NOISE_4 NOISE_0 NOISE_1 K28 VALUE_1 NOISE_2 NOISE_2 NOISE_3 NOISE_7 NOISE_0 NOISE_4 NOISE_7 NOISE_3 NOISE_7 NOISE_2 NOISE_3 K2 VALUE_0 NOISE_2 NOISE_4 NOISE_7 NOISE_3 NOISE_2 NOISE_1 NOISE_6 NOISE_4 NOISE_2 NOISE_1 NOISE_2 NOISE_1 NOISE_5 NOISE_4 NOISE_6 NOISE_6 NOISE_2 NOISE_3 NOISE_6 NOISE_6 NOISE_6 NOISE_4 NOISE_4 NOISE_2 NOISE_2 NOISE_4 NOISE_1 NOISE_3 NOISE_3 NOISE_2 NOISE_4 NOISE_6 NOISE_7 NOISE_6 NOISE_0 NOISE_4 NOISE_0 NOISE_2 NOISE_1 NOISE_0 NOISE_6 K4 VALUE_0 NOISE_1 NOISE_5 NOISE_4 K30 VALUE_0 NOISE_1 NOISE_7 NOISE_0 NOISE_0 NOISE_3 NOISE_3 NOISE_2 NOISE_3 NOISE_7 NOISE_7 NOISE_4 NOISE_0 NOISE_7 NOISE_6 NOISE_5 K29 VALUE_0 NOISE_0 NOISE_7 NOISE_0 NOISE_7 NOISE_2 NOISE_4 NOISE_2 NOISE_2 NOISE_3 NOISE_2 NOISE_5 NOISE_0 NOISE_4 NOISE_5 NOISE_3 NOISE_5 NOISE_3 NOISE_4 NOISE_3 NOISE_4 NOISE_4 NOISE_6 NOISE_7 NOISE_6 NOISE_4 NOISE_7 NOISE_4 NOISE_7 NOISE_2 NOISE_3 NOISE_5 NOISE_5 NOISE_2 NOISE_1 NOISE_6 NOISE_2 NOISE_1 NOISE_3 NOISE_4 NOISE_0 NOISE_3 NOISE_0 NOISE_3 NOISE_6 NOISE_0 NOISE_6 NOISE_6 NOISE_0 NOISE_4 NOISE_1 NOISE_5 NOISE_5 NOISE_3 NOISE_2 NOISE_2 NOISE_6 K10 VALUE_1 NOISE_7 NOISE_1 NOISE_6 NOISE_6 NOISE_4 NOISE_7 NOISE_5 NOISE_2 NOISE_0 NOISE_6 NOISE_1 NOISE_4 K3 VALUE_1 NOISE_4 NOISE_7 NOISE_2 NOISE_5 NOISE_2 NOISE_6 NOISE_1 NOISE_3 NOISE_2 NOISE_4 NOISE_2 K24 VALUE_1 NOISE_7 NOISE_4 NOISE_0 NOISE_1 NOISE_5 NOISE_0 NOISE_5 NOISE_0 K13 VALUE_0 NOISE_0 NOISE_2 NOISE_6 NOISE_1 NOISE_2 K1 VALUE_1 NOISE_4 NOISE_6 NOISE_5 NOISE_6 NOISE_5 NOISE_7 NOISE_0 NOISE_0 NOISE_5 NOISE_5 NOISE_0 NOISE_2 NOISE_0 NOISE_5 NOISE_7 NOISE_6 NOISE_3 NOISE_7 NOISE_3 NOISE_5 NOISE_6 NOISE_3 NOISE_3 NOISE_2 NOISE_3 NOISE_3 NOISE_6 NOISE_4 NOISE_1 NOISE_4 NOISE_3 NOISE_0 NOISE_0 NOISE_7 NOISE_2 NOISE_7 NOISE_3 NOISE_7 NOISE_4 NOISE_6 NOISE_6 NOISE_6 NOISE_5 NOISE_7 NOISE_3 NOISE_5 NOISE_3 NOISE_2 NOISE_7 NOISE_4 NOISE_3 NOISE_6 NOISE_7 NOISE_3 NOISE_6 NOISE_5 NOISE_6 NOISE_3 NOISE_4 K21 VALUE_0 NOISE_4 NOISE_6 NOISE_6 NOISE_3 NOISE_5 K15 VALUE_1 NOISE_7 NOISE_6 NOISE_4 NOISE_0 NOISE_3 NOISE_7 NOISE_1 NOISE_7 NOISE_7 NOISE_3 NOISE_7 NOISE_7 NOISE_0 NOISE_2 NOISE_5 NOISE_0 NOISE_0 NOISE_2 K14 VALUE_1 NOISE_3 NOISE_7 NOISE_3 NOISE_1 NOISE_3 K6 VALUE_1 NOISE_1 NOISE_3 NOISE_2 NOISE_6 NOISE_2 NOISE_3 NOISE_0 NOISE_0 NOISE_0 K0 VALUE_0 NOISE_4 NOISE_2 NOISE_0 NOISE_4 NOISE_0 NOISE_3 NOISE_4 NOISE_1 NOISE_4 NOISE_2 NOISE_2 NOISE_5 NOISE_6 NOISE_0 K5 VALUE_1 NOISE_6 NOISE_6 NOISE_7 NOISE_3 NOISE_3 NOISE_2 NOISE_2 NOISE_7 NOISE_6 Q15
23,K18,VALUE_1,64,1882,NOISE_3 NOISE_5 NOISE_4 NOISE_7 NOISE_2 NOISE_0 NOISE_0 NOISE_1 NOISE_1 NOISE_3 NOISE_7 NOISE_2 NOISE_3 NOISE_5 NOISE_6 NOISE_5 NOISE_6 NOISE_3 NOISE_5 NOISE_2 NOISE_2 NOISE_2 NOISE_7 NOISE_5 NOISE_0 NOISE_5 NOISE_1 NOISE_6 NOISE_3 NOISE_4 NOISE_3 NOISE_1 NOISE_2 NOISE_4 NOISE_6 NOISE_4 NOISE_0 NOISE_5 NOISE_7 K30 VALUE_0 NOISE_1 NOISE_4 NOISE_5 NOISE_6 NOISE_4 NOISE_3 NOISE_4 NOISE_4 NOISE_1 NOISE_2 NOISE_7 NOISE_2 NOISE_7 NOISE_7 NOISE_3 NOISE_3 NOISE_1 NOISE_5 NOISE_4 NOISE_6 NOISE_0 NOISE_6 NOISE_5 NOISE_5 NOISE_3 NOISE_2 NOISE_1 NOISE_5 NOISE_0 NOISE_1 NOISE_0 K8 VALUE_0 NOISE_3 NOISE_1 NOISE_6 NOISE_3 NOISE_6 NOISE_5 NOISE_6 NOISE_5 NOISE_2 NOISE_3 NOISE_1 NOISE_5 NOISE_0 K20 VALUE_0 NOISE_0 NOISE_5 K4 VALUE_1 NOISE_6 NOISE_6 NOISE_0 K0 VALUE_0 NOISE_6 NOISE_0 NOISE_5 NOISE_6 NOISE_5 NOISE_6 NOISE_0 NOISE_4 NOISE_2 NOISE_1 K15 VALUE_0 K19 VALUE_0 NOISE_2 K28 VALUE_0 NOISE_0 NOISE_4 K31 VALUE_1 NOISE_0 NOISE_2 NOISE_6 NOISE_1 NOISE_2 NOISE_4 NOISE_5 NOISE_0 NOISE_3 NOISE_5 NOISE_4 NOISE_7 K26 VALUE_0 NOISE_7 NOISE_4 NOISE_6 NOISE_6 NOISE_0 NOISE_2 NOISE_0 NOISE_1 NOISE_4 NOISE_1 NOISE_0 NOISE_4 NOISE_6 NOISE_3 NOISE_6 NOISE_4 NOISE_1 NOISE_0 NOISE_0 NOISE_4 NOISE_7 NOISE_3 NOISE_1 NOISE_0 NOISE_2 NOISE_3 NOISE_1 NOISE_1 K27 VALUE_1 K9 VALUE_1 NOISE_3 NOISE_3 NOISE_3 NOISE_7 NOISE_7 NOISE_5 NOISE_4 NOISE_4 NOISE_1 NOISE_3 NOISE_2 NOISE_5 NOISE_0 NOISE_6 NOISE_5 NOISE_4 NOISE_2 NOISE_6 NOISE_3 NOISE_6 NOISE_7 NOISE_7 NOISE_5 NOISE_1 NOISE_7 NOISE_2 NOISE_0 NOISE_5 NOISE_5 NOISE_4 NOISE_2 NOISE_7 NOISE_3 NOISE_3 NOISE_1 NOISE_2 NOISE_3 NOISE_7 NOISE_4 NOISE_3 NOISE_7 NOISE_5 NOISE_5 NOISE_4 NOISE_0 NOISE_4 NOISE_3 NOISE_3 NOISE_4 NOISE_2 NOISE_2 NOISE_6 NOISE_3 K11 VALUE_1 NOISE_5 NOISE_4 NOISE_3 NOISE_2 NOISE_5 NOISE_0 NOISE_6 NOISE_2 NOISE_5 NOISE_7 NOISE_1 NOISE_0 NOISE_0 NOISE_6 NOISE_7 NOISE_0 NOISE_0 NOISE_1 NOISE_5 K21 VALUE_1 NOISE_7 NOISE_2 NOISE_0 NOISE_7 NOISE_4 NOISE_6 NOISE_5 NOISE_1 NOISE_2 NOISE_2 NOISE_5 NOISE_1 NOISE_2 NOISE_1 K5 VALUE_1 NOISE_4 NOISE_4 NOISE_4 K12 VALUE_1 NOISE_2 NOISE_6 NOISE_4 NOISE_4 NOISE_7 NOISE_1 NOISE_2 NOISE_1 NOISE_7 NOISE_1 NOISE_6 NOISE_2 NOISE_4 NOISE_1 NOISE_7 NOISE_7 NOISE_0 NOISE_7 NOISE_5 NOISE_6 NOISE_4 NOISE_1 NOISE_6 NOISE_1 NOISE_6 NOISE_7 K22 VALUE_0 NOISE_6 NOISE_6 NOISE_4 NOISE_5 NOISE_4 NOISE_5 NOISE_1 NOISE_4 NOISE_1 NOISE_5 NOISE_1 NOISE_4 NOISE_5 NOISE_6 NOISE_2 NOISE_3 NOISE_4 NOISE_4 NOISE_0 NOISE_5 NOISE_0 NOISE_5 NOISE_6 NOISE_0 NOISE_2 NOISE_4 NOISE_4 NOISE_6 NOISE_2 NOISE_0 NOISE_1 NOISE_2 NOISE_7 NOISE_5 NOISE_0 NOISE_1 NOISE_3 NOISE_0 NOISE_0 NOISE_6 NOISE_2 NOISE_7 NOISE_2 NOISE_7 NOISE_3 NOISE_5 NOISE_5 NOISE_3 NOISE_4 NOISE_7 NOISE_5 NOISE_0 K17 VALUE_0 NOISE_7 NOISE_4 NOISE_3 NOISE_6 NOISE_6 NOISE_5 NOISE_5 NOISE_4 NOISE_5 NOISE_4 NOISE_3 NOISE_6 NOISE_7 NOISE_2 NOISE_5 NOISE_1 NOISE_4 NOISE_6 NOISE_6 NOISE_2 NOISE_0 NOISE_4 NOISE_7 NOISE_5 NOISE_5 NOISE_5 NOISE_2 NOISE_5 NOISE_1 NOISE_0 NOISE_2 NOISE_7 NOISE_4 NOISE_4 NOISE_4 NOISE_4 NOISE_5 NOISE_6 NOISE_7 NOISE_1 NOISE_6 NOISE_5 NOISE_1 NOISE_5 NOISE_2 NOISE_0 NOISE_4 NOISE_3 NOISE_1 NOISE_5 NOISE_7 NOISE_5 NOISE_6 NOISE_7 NOISE_5 NOISE_2 NOISE_1 NOISE_5 K1 VALUE_1 NOISE_1 NOISE_7 NOISE_2 NOISE_6 NOISE_4 NOISE_2 NOISE_1 NOISE_0 NOISE_4 NOISE_7 NOISE_6 K14 VALUE_0 NOISE_6 NOISE_3 NOISE_7 NOISE_4 NOISE_4 NOISE_1 NOISE_6 NOISE_6 K10 VALUE_1 NOISE_3 NOISE_2 NOISE_0 NOISE_1 NOISE_6 NOISE_2 NOISE_4 NOISE_1 NOISE_7 NOISE_3 NOISE_6 NOISE_1 NOISE_0 NOISE_4 NOISE_1 NOISE_4 NOISE_6 NOISE_5 NOISE_4 K18 VALUE_1 NOISE_7 NOISE_7 NOISE_1 NOISE_2 NOISE_7 NOISE_1 NOISE_0 NOISE_5 NOISE_6 NOISE_0 NOISE_5 NOISE_1 NOISE_7 NOISE_5 NOISE_0 NOISE_2 NOISE_3 NOISE_0 NOISE_3 NOISE_7 NOISE_6 NOISE_7 NOISE_4 NOISE_4 NOISE_6 NOISE_5 NOISE_2 NOISE_5 NOISE_6 NOISE_1 NOISE_2 NOISE_5 NOISE_3 NOISE_3 NOISE_6 NOISE_1 NOISE_4 NOISE_5 NOISE_0 NOISE_4 K23 VALUE_0 NOISE_4 K16 VALUE_1 NOISE_0 NOISE_3 NOISE_0 NOISE_1 NOISE_1 NOISE_1 NOISE_7 NOISE_6 NOISE_0 NOISE_5 NOISE_2 NOISE_7 NOISE_0 NOISE_2 NOISE_2 NOISE_6 NOISE_4 NOISE_6 Q18
24,K23,VALUE_1,16,1394,NOISE_7 NOISE_5 NOISE_7 NOISE_6 NOISE_2 NOISE_6 NOISE_2 NOISE_2 NOISE_6 NOISE_3 NOISE_2 NOISE_3 NOISE_3 NOISE_6 NOISE_2 NOISE_5 NOISE_1 NOISE_6 NOISE_5 NOISE_2 NOISE_6 NOISE_5 NOISE_2 NOISE_3 NOISE_3 NOISE_4 NOISE_0 NOISE_3 NOISE_7 NOISE_1 NOISE_7 NOISE_5 NOISE_5 NOISE_3 NOISE_7 NOISE_0 NOISE_6 NOISE_6 NOISE_4 NOISE_1 NOISE_1 NOISE_7 NOISE_1 NOISE_0 NOISE_2 NOISE_5 NOISE_3 NOISE_5 NOISE_4 NOISE_7 NOISE_7 NOISE_2 NOISE_0 NOISE_0 NOISE_2 NOISE_7 K11 VALUE_1 NOISE_1 NOISE_4 NOISE_1 NOISE_7 NOISE_2 NOISE_4 NOISE_5 NOISE_0 NOISE_1 K12 VALUE_1 NOISE_6 NOISE_2 NOISE_2 NOISE_0 NOISE_1 NOISE_6 NOISE_1 NOISE_5 NOISE_0 NOISE_1 NOISE_7 NOISE_5 NOISE_1 NOISE_5 NOISE_2 NOISE_4 NOISE_0 NOISE_2 NOISE_7 NOISE_7 NOISE_3 NOISE_0 NOISE_0 NOISE_0 NOISE_7 NOISE_6 NOISE_5 NOISE_7 NOISE_7 NOISE_7 NOISE_1 NOISE_1 K24 VALUE_1 NOISE_4 NOISE_2 NOISE_0 K26 VALUE_1 NOISE_7 NOISE_5 NOISE_3 NOISE_3 NOISE_3 NOISE_2 NOISE_2 NOISE_2 NOISE_2 NOISE_6 K13 VALUE_0 NOISE_4 NOISE_0 NOISE_1 NOISE_2 NOISE_6 NOISE_3 NOISE_1 NOISE_3 K25 VALUE_0 NOISE_0 NOISE_6 NOISE_5 NOISE_7 NOISE_4 NOISE_3 NOISE_7 NOISE_4 NOISE_2 NOISE_0 NOISE_5 NOISE_0 NOISE_1 NOISE_1 NOISE_4 NOISE_3 NOISE_0 NOISE_7 NOISE_5 NOISE_2 NOISE_2 NOISE_1 NOISE_7 NOISE_1 NOISE_3 NOISE_0 K9 VALUE_0 NOISE_7 NOISE_6 NOISE_0 NOISE_1 NOISE_0 NOISE_3 NOISE_5 NOISE_5 NOISE_6 NOISE_4 NOISE_2 NOISE_0 NOISE_6 NOISE_4 NOISE_2 NOISE_0 NOISE_3 NOISE_3 NOISE_3 NOISE_1 NOISE_7 NOISE_0 NOISE_5 NOISE_4 NOISE_4 NOISE_4 NOISE_6 NOISE_5 NOISE_5 NOISE_3 NOISE_4 NOISE_7 NOISE_3 NOISE_2 NOISE_1 NOISE_3 NOISE_5 K8 VALUE_0 NOISE_2 NOISE_2 NOISE_4 NOISE_2 NOISE_3 NOISE_0 NOISE_7 NOISE_3 NOISE_4 NOISE_5 NOISE_5 NOISE_5 NOISE_6 NOISE_2 NOISE_5 NOISE_7 NOISE_0 NOISE_3 NOISE_2 NOISE_3 NOISE_5 NOISE_3 NOISE_3 NOISE_4 K29 VALUE_1 NOISE_7 NOISE_5 NOISE_2 NOISE_0 NOISE_0 NOISE_3 NOISE_1 NOISE_0 NOISE_3 NOISE_3 NOISE_7 NOISE_2 NOISE_4 NOISE_1 NOISE_1 NOISE_3 NOISE_1 NOISE_6 NOISE_0 NOISE_6 NOISE_5 NOISE_0 NOISE_4 NOISE_2 NOISE_0 NOISE_2 NOISE_0 NOISE_5 NOISE_1 NOISE_1 NOISE_0 NOISE_1 NOISE_4 NOISE_3 K20 VALUE_0 NOISE_2 NOISE_0 NOISE_0 NOISE_1 NOISE_7 NOISE_3 NOISE_4 NOISE_1 NOISE_5 NOISE_6 NOISE_5 NOISE_3 NOISE_0 NOISE_7 NOISE_3 NOISE_6 NOISE_6 NOISE_4 NOISE_6 NOISE_1 NOISE_4 NOISE_2 NOISE_6 NOISE_4 NOISE_6 NOISE_4 NOISE_6 NOISE_0 NOISE_4 NOISE_4 K28 VALUE_1 K0 VALUE_0 NOISE_3 NOISE_3 NOISE_4 NOISE_2 NOISE_1 NOISE_4 NOISE_0 NOISE_6 NOISE_1 NOISE_6 NOISE_2 NOISE_4 NOISE_3 NOISE_0 NOISE_2 NOISE_5 NOISE_0 NOISE_1 NOISE_5 NOISE_0 NOISE_1 NOISE_7 NOISE_1 NOISE_0 NOISE_5 NOISE_3 NOISE_4 NOISE_1 NOISE_3 NOISE_0 NOISE_7 NOISE_5 NOISE_0 NOISE_7 NOISE_2 NOISE_6 K19 VALUE_0 NOISE_3 NOISE_1 NOISE_3 NOISE_6 NOISE_7 NOISE_2 NOISE_0 NOISE_1 NOISE_4 NOISE_3 NOISE_6 K6 VALUE_0 NOISE_4 NOISE_5 NOISE_0 NOISE_6 NOISE_0 NOISE_0 NOISE_4 NOISE_7 NOISE_3 NOISE_5 K5 VALUE_1 NOISE_6 K10 VALUE_0 NOISE_1 NOISE_3 NOISE_2 NOISE_0 NOISE_3 NOISE_4 NOISE_3 NOISE_1 NOISE_2 NOISE_3 NOISE_2 NOISE_4 K17 VALUE_1 NOISE_0 NOISE_6 NOISE_4 NOISE_6 NOISE_3 NOISE_4 NOISE_3 NOISE_7 NOISE_5 NOISE_3 NOISE_4 NOISE_2 NOISE_4 NOISE_0 NOISE_0 NOISE_7 NOISE_7 NOISE_1 NOISE_2 NOISE_4 NOISE_5 NOISE_0 NOISE_7 NOISE_1 NOISE_4 NOISE_6 NOISE_2 NOISE_3 NOISE_3 NOISE_6 NOISE_4 NOISE_5 NOISE_0 NOISE_7 NOISE_7 NOISE_6 NOISE_0 NOISE_1 NOISE_5 NOISE_5 NOISE_0 NOISE_6 NOISE_6 NOISE_3 NOISE_5 NOISE_2 NOISE_6 NOISE_3 NOISE_7 NOISE_5 K14 VALUE_0 NOISE_5 NOISE_6 NOISE_5 NOISE_7 NOISE_4 NOISE_1 NOISE_4 NOISE_3 NOISE_1 NOISE_5 NOISE_0 NOISE_0 NOISE_6 NOISE_5 K7 VALUE_1 NOISE_6 NOISE_5 NOISE_4 NOISE_7 NOISE_2 NOISE_0 NOISE_7 NOISE_5 NOISE_1 NOISE_0 NOISE_0 NOISE_0 NOISE_1 NOISE_6 NOISE_6 NOISE_0 NOISE_4 K31 VALUE_0 NOISE_6 NOISE_2 NOISE_3 NOISE_6 NOISE_5 NOISE_2 NOISE_3 NOISE_0 NOISE_0 K3 VALUE_1 NOISE_2 NOISE_1 NOISE_6 NOISE_5 K16 VALUE_1 NOISE_6 NOISE_1 NOISE_7 NOISE_1 NOISE_0 NOISE_1 NOISE_4 NOISE_7 NOISE_1 NOISE_0 NOISE_3 NOISE_2 NOISE_7 NOISE_7 NOISE_3 NOISE_2 NOISE_5 K23 VALUE_1 K2 VALUE_0 NOISE_4 NOISE_6 NOISE_2 NOISE_4 NOISE_7 NOISE_4 NOISE_4 NOISE_0 NOISE_2 NOISE_5 NOISE_3 NOISE_7 NOISE_4 Q23
25,K13,VALUE_0,16,715,NOISE_1 NOISE_2 NOISE_1 NOISE_2 NOISE_4 NOISE_7 NOISE_6 NOISE_6 NOISE_3 NOISE_0 NOISE_4 NOISE_0 NOISE_3 NOISE_7 NOISE_6 NOISE_1 NOISE_3 NOISE_2 NOISE_5 NOISE_7 NOISE_1 NOISE_2 NOISE_7 NOISE_5 K2 VALUE_0 NOISE_5 NOISE_4 NOISE_2 NOISE_5 NOISE_6 NOISE_2 NOISE_4 K31 VALUE_1 NOISE_5 NOISE_4 K23 VALUE_1 NOISE_3 NOISE_7 NOISE_2 NOISE_5 NOISE_7 NOISE_4 NOISE_4 NOISE_2 NOISE_7 K25 VALUE_0 NOISE_2 NOISE_2 NOISE_5 K15 VALUE_1 NOISE_6 NOISE_0 NOISE_4 NOISE_5 NOISE_5 NOISE_0 NOISE_6 NOISE_3 NOISE_5 NOISE_6 NOISE_7 K17 VALUE_1 NOISE_7 NOISE_7 NOISE_2 NOISE_0 NOISE_0 NOISE_1 NOISE_3 NOISE_7 NOISE_5 NOISE_6 NOISE_3 NOISE_4 NOISE_6 NOISE_1 NOISE_4 NOISE_5 NOISE_1 NOISE_3 NOISE_1 NOISE_4 NOISE_4 NOISE_4 NOISE_0 NOISE_7 NOISE_2 NOISE_7 K3 VALUE_0 NOISE_3 NOISE_0 NOISE_0 NOISE_5 NOISE_6 NOISE_4 NOISE_3 NOISE_1 NOISE_1 NOISE_3 NOISE_7 NOISE_5 NOISE_4 NOISE_3 NOISE_0 NOISE_6 NOISE_5 NOISE_7 K1 VALUE_0 NOISE_2 NOISE_4 NOISE_6 NOISE_2 NOISE_4 NOISE_5 NOISE_1 NOISE_1 NOISE_6 NOISE_1 NOISE_3 NOISE_4 NOISE_3 NOISE_4 NOISE_5 NOISE_4 NOISE_3 NOISE_0 NOISE_0 NOISE_3 NOISE_2 NOISE_5 NOISE_2 NOISE_7 NOISE_3 NOISE_2 NOISE_2 NOISE_7 NOISE_5 NOISE_2 NOISE_6 NOISE_7 NOISE_2 K30 VALUE_0 NOISE_1 NOISE_0 NOISE_0 NOISE_1 NOISE_1 NOISE_7 NOISE_6 NOISE_2 NOISE_7 NOISE_2 NOISE_2 NOISE_2 K0 VALUE_1 NOISE_0 NOISE_7 NOISE_6 NOISE_5 NOISE_6 NOISE_1 NOISE_4 NOISE_3 NOISE_7 NOISE_2 NOISE_1 NOISE_0 NOISE_0 NOISE_1 NOISE_0 NOISE_3 NOISE_4 NOISE_2 NOISE_1 NOISE_3 K29 VALUE_1 NOISE_1 NOISE_2 NOISE_0 NOISE_7 NOISE_4 NOISE_1 NOISE_3 NOISE_3 NOISE_7 NOISE_5 NOISE_6 NOISE_5 NOISE_7 NOISE_3 NOISE_5 NOISE_6 NOISE_6 NOISE_3 NOISE_5 NOISE_3 NOISE_3 NOISE_2 NOISE_4 NOISE_2 NOISE_6 NOISE_6 NOISE_4 NOISE_0 NOISE_2 NOISE_4 NOISE_3 NOISE_6 NOISE_3 NOISE_6 NOISE_3 NOISE_4 NOISE_4 NOISE_3 NOISE_5 NOISE_5 NOISE_2 NOISE_2 NOISE_0 NOISE_2 NOISE_6 NOISE_2 NOISE_7 NOISE_5 NOISE_3 NOISE_6 K4 VALUE_1 NOISE_3 NOISE_2 NOISE_5 NOISE_6 NOISE_7 NOISE_1 NOISE_7 NOISE_6 NOISE_0 NOISE_4 NOISE_5 NOISE_0 NOISE_4 NOISE_1 NOISE_2 NOISE_3 NOISE_7 NOISE_2 NOISE_5 NOISE_6 NOISE_5 K14 VALUE_0 NOISE_4 NOISE_7 NOISE_2 NOISE_3 NOISE_3 NOISE_6 NOISE_5 NOISE_5 NOISE_4 K28 VALUE_0 NOISE_0 NOISE_3 NOISE_5 NOISE_0 NOISE_4 NOISE_2 NOISE_6 NOISE_1 NOISE_1 NOISE_0 NOISE_4 NOISE_2 NOISE_5 NOISE_7 NOISE_4 NOISE_7 NOISE_7 NOISE_4 NOISE_7 NOISE_1 NOISE_1 NOISE_0 NOISE_5 NOISE_1 NOISE_7 NOISE_1 NOISE_6 NOISE_1 NOISE_6 NOISE_4 NOISE_5 NOISE_5 NOISE_2 K7 VALUE_1 NOISE_5 K8 VALUE_1 NOISE_7 K27 VALUE_1 NOISE_2 K22 VALUE_1 NOISE_7 NOISE_7 NOISE_5 NOISE_2 NOISE_1 NOISE_3 NOISE_6 NOISE_6 NOISE_4 NOISE_5 NOISE_5 NOISE_2 NOISE_1 NOISE_1 NOISE_6 NOISE_2 NOISE_5 NOISE_0 NOISE_2 NOISE_4 NOISE_0 NOISE_3 NOISE_2 NOISE_1 NOISE_3 NOISE_0 NOISE_0 NOISE_6 NOISE_7 NOISE_0 NOISE_1 NOISE_7 NOISE_5 NOISE_4 NOISE_5 NOISE_4 NOISE_7 NOISE_1 NOISE_2 NOISE_3 NOISE_5 NOISE_1 K24 VALUE_0 NOISE_1 NOISE_1 NOISE_7 NOISE_2 NOISE_3 NOISE_6 NOISE_0 NOISE_6 NOISE_7 NOISE_1 NOISE_0 NOISE_6 NOISE_2 NOISE_5 NOISE_7 NOISE_2 NOISE_2 NOISE_7 NOISE_6 NOISE_0 NOISE_2 NOISE_2 NOISE_3 NOISE_0 NOISE_0 NOISE_6 NOISE_7 NOISE_6 NOISE_5 NOISE_3 NOISE_5 NOISE_2 NOISE_5 NOISE_1 NOISE_3 NOISE_7 NOISE_6 NOISE_3 NOISE_1 NOISE_0 NOISE_3 NOISE_6 NOISE_7 NOISE_0 NOISE_0 NOISE_0 NOISE_2 NOISE_5 NOISE_1 NOISE_1 NOISE_6 NOISE_6 NOISE_7 NOISE_2 NOISE_1 NOISE_0 NOISE_1 NOISE_6 NOISE_3 NOISE_1 NOISE_6 NOISE_2 NOISE_3 NOISE_2 NOISE_5 NOISE_0 NOISE_2 NOISE_7 NOISE_2 NOISE_2 NOISE_6 NOISE_1 NOISE_1 NOISE_1 NOISE_0 NOISE_3 NOISE_2 NOISE_7 NOISE_2 NOISE_6 NOISE_1 NOISE_5 NOISE_5 NOISE_6 NOISE_6 NOISE_3 NOISE_0 NOISE_3 NOISE_7 NOISE_4 NOISE_1 NOISE_2 NOISE_2 NOISE_5 NOISE_6 NOISE_6 NOISE_7 NOISE_6 NOISE_5 NOISE_4 NOISE_1 NOISE_5 NOISE_3 NOISE_1 NOISE_1 K26 VALUE_0 K11 VALUE_0 NOISE_0 NOISE_1 NOISE_1 NOISE_2 NOISE_1 NOISE_1 NOISE_2 NOISE_6 NOISE_3 NOISE_2 NOISE_6 K18 VALUE_0 K19 VALUE_1 NOISE_6 NOISE_4 NOISE_6 NOISE_2 NOISE_2 NOISE_7 NOISE_2 NOISE_5 NOISE_3 K13 VALUE_0 NOISE_6 NOISE_0 NOISE_7 NOISE_4 NOISE_4 NOISE_4 NOISE_6 NOISE_3 NOISE_3 NOISE_6 NOISE_6 NOISE_7 NOISE_7 NOISE_6 NOISE_0 Q13
26,K14,VALUE_0,16,1254,NOISE_1 NOISE_4 NOISE_4 NOISE_2 NOISE_1 NOISE_7 NOISE_1 NOISE_2 NOISE_3 NOISE_5 NOISE_6 NOISE_7 NOISE_0 NOISE_0 NOISE_7 NOISE_4 NOISE_1 NOISE_1 NOISE_4 NOISE_1 NOISE_2 NOISE_7 NOISE_5 NOISE_4 NOISE_7 NOISE_5 NOISE_3 NOISE_2 NOISE_0 NOISE_5 NOISE_2 NOISE_0 NOISE_1 NOISE_1 NOISE_6 NOISE_7 NOISE_0 NOISE_1 NOISE_0 NOISE_5 NOISE_4 NOISE_6 NOISE_2 NOISE_5 NOISE_5 NOISE_6 NOISE_6 NOISE_4 NOISE_7 NOISE_0 NOISE_2 NOISE_0 NOISE_0 NOISE_0 NOISE_1 NOISE_4 K11 VALUE_1 NOISE_7 NOISE_7 NOISE_2 NOISE_0 NOISE_6 NOISE_5 NOISE_0 NOISE_7 NOISE_1 NOISE_2 NOISE_6 NOISE_7 NOISE_6 NOISE_0 NOISE_2 NOISE_4 NOISE_1 NOISE_6 NOISE_7 NOISE_6 NOISE_0 NOISE_7 NOISE_1 K27 VALUE_0 NOISE_6 NOISE_3 NOISE_3 NOISE_0 NOISE_1 NOISE_1 NOISE_7 NOISE_4 NOISE_0 NOISE_0 NOISE_6 K15 VALUE_0 NOISE_6 NOISE_6 NOISE_3 NOISE_1 NOISE_6 NOISE_2 K22 VALUE_1 NOISE_7 NOISE_0 K5 VALUE_1 NOISE_0 K13 VALUE_1 NOISE_1 NOISE_7 NOISE_5 K4 VALUE_1 NOISE_5 NOISE_6 NOISE_1 NOISE_7 NOISE_4 NOISE_7 NOISE_0 NOISE_3 NOISE_7 NOISE_5 NOISE_4 NOISE_3 NOISE_1 NOISE_4 NOISE_3 NOISE_3 NOISE_6 NOISE_6 NOISE_1 K26 VALUE_1 NOISE_3 NOISE_1 K24 VALUE_1 NOISE_0 NOISE_4 NOISE_5 NOISE_3 NOISE_0 NOISE_2 NOISE_4 NOISE_1 NOISE_7 NOISE_4 NOISE_5 NOISE_4 NOISE_0 NOISE_6 NOISE_5 NOISE_1 NOISE_7 NOISE_5 NOISE_3 NOISE_6 NOISE_6 NOISE_1 NOISE_4 NOISE_1 NOISE_0 NOISE_3 NOISE_5 NOISE_1 NOISE_7 NOISE_0 NOISE_0 NOISE_4 NOISE_2 NOISE_5 NOISE_4 NOISE_5 NOISE_4 NOISE_2 NOISE_7 NOISE_5 NOISE_4 NOISE_5 NOISE_3 NOISE_7 NOISE_4 NOISE_7 NOISE_4 NOISE_1 NOISE_0 NOISE_0 NOISE_5 NOISE_6 NOISE_6 NOISE_2 NOISE_1 NOISE_6 K8 VALUE_1 NOISE_4 NOISE_5 NOISE_6 NOISE_3 NOISE_3 NOISE_3 NOISE_5 K12 VALUE_1 NOISE_2 NOISE_0 NOISE_3 NOISE_7 NOISE_3 NOISE_6 NOISE_2 NOISE_0 NOISE_7 NOISE_0 NOISE_7 NOISE_3 NOISE_4 NOISE_7 NOISE_4 NOISE_3 NOISE_5 NOISE_5 NOISE_5 NOISE_7 NOISE_6 NOISE_6 NOISE_7 NOISE_6 NOISE_5 NOISE_0 NOISE_7 NOISE_3 NOISE_2 NOISE_5 NOISE_7 NOISE_2 NOISE_7 NOISE_6 NOISE_1 NOISE_2 NOISE_1 NOISE_0 NOISE_1 NOISE_5 NOISE_0 K16 VALUE_0 NOISE_0 NOISE_5 NOISE_2 NOISE_1 K3 VALUE_0 NOISE_4 NOISE_2 NOISE_7 NOISE_4 NOISE_6 NOISE_6 NOISE_7 NOISE_2 NOISE_2 NOISE_2 NOISE_3 NOISE_1 NOISE_7 NOISE_4 NOISE_5 NOISE_3 NOISE_6 NOISE_4 NOISE_2 NOISE_4 NOISE_4 NOISE_6 NOISE_3 NOISE_4 NOISE_6 NOISE_3 NOISE_2 NOISE_7 K31 VALUE_0 NOISE_7 NOISE_7 NOISE_1 NOISE_3 NOISE_2 NOISE_6 NOISE_5 NOISE_2 NOISE_3 NOISE_0 NOISE_5 NOISE_2 NOISE_1 NOISE_6 NOISE_0 NOISE_4 NOISE_7 NOISE_7 K1 VALUE_0 NOISE_5 NOISE_1 NOISE_7 NOISE_5 NOISE_0 NOISE_7 NOISE_0 NOISE_2 NOISE_7 NOISE_3 NOISE_7 NOISE_3 NOISE_7 NOISE_5 NOISE_2 NOISE_6 NOISE_2 NOISE_6 NOISE_4 NOISE_3 NOISE_7 NOISE_1 NOISE_2 NOISE_4 NOISE_7 NOISE_3 NOISE_5 NOISE_7 NOISE_4 NOISE_7 NOISE_5 NOISE_0 NOISE_3 NOISE_6 NOISE_7 NOISE_7 NOISE_7 NOISE_4 NOISE_1 NOISE_7 NOISE_2 NOISE_1 NOISE_3 NOISE_1 NOISE_6 NOISE_2 NOISE_3 NOISE_5 NOISE_7 NOISE_5 NOISE_0 NOISE_4 NOISE_6 NOISE_3 NOISE_2 NOISE_7 NOISE_7 NOISE_4 NOISE_2 NOISE_0 NOISE_6 NOISE_7 NOISE_6 NOISE_0 NOISE_4 NOISE_3 NOISE_5 NOISE_0 NOISE_1 NOISE_5 NOISE_5 NOISE_0 NOISE_0 NOISE_5 NOISE_1 NOISE_6 NOISE_5 NOISE_4 NOISE_4 NOISE_0 NOISE_5 NOISE_5 NOISE_3 NOISE_6 NOISE_2 NOISE_1 NOISE_0 NOISE_4 NOISE_2 NOISE_4 NOISE_5 K21 VALUE_1 NOISE_0 NOISE_2 NOISE_4 NOISE_2 NOISE_3 NOISE_6 NOISE_1 NOISE_3 NOISE_2 NOISE_1 NOISE_3 NOISE_2 NOISE_1 NOISE_6 NOISE_2 NOISE_4 NOISE_2 NOISE_0 NOISE_3 NOISE_3 NOISE_3 NOISE_7 K17 VALUE_0 NOISE_0 NOISE_3 NOISE_7 NOISE_4 NOISE_7 NOISE_2 NOISE_4 NOISE_5 NOISE_3 NOISE_6 NOISE_3 NOISE_3 NOISE_0 NOISE_1 NOISE_4 NOISE_3 NOISE_3 NOISE_7 NOISE_5 NOISE_7 NOISE_3 K18 VALUE_1 NOISE_3 NOISE_7 NOISE_1 NOISE_1 NOISE_0 NOISE_4 NOISE_0 K7 VALUE_1 NOISE_0 NOISE_6 NOISE_1 NOISE_3 NOISE_3 K23 VALUE_0 NOISE_7 NOISE_5 NOISE_3 NOISE_3 NOISE_2 NOISE_3 NOISE_4 NOISE_1 NOISE_2 NOISE_3 NOISE_4 NOISE_0 NOISE_2 NOISE_6 NOISE_1 K10 VALUE_0 NOISE_2 NOISE_2 NOISE_3 NOISE_5 NOISE_6 NOISE_4 NOISE_1 NOISE_5 NOISE_1 NOISE_4 NOISE_5 NOISE_4 NOISE_2 NOISE_5 K14 VALUE_0 NOISE_4 NOISE_3 NOISE_5 NOISE_2 NOISE_5 NOISE_0 NOISE_1 NOISE_2 NOISE_1 K6 VALUE_0 K2 VALUE_0 NOISE_4 NOISE_7 Q14
27,K24,VALUE_1,256,4298,NOISE_5 NOISE_7 NOISE_5 NOISE_6 NOISE_3 NOISE_2 NOISE_6 NOISE_7 NOISE_3 NOISE_0 NOISE_4 NOISE_7 NOISE_6 NOISE_1 NOISE_4 NOISE_0 NOISE_5 K10 VALUE_0 NOISE_3 NOISE_1 NOISE_6 NOISE_1 NOISE_2 NOISE_2 NOISE_5 NOISE_0 NOISE_0 K0 VALUE_0 NOISE_4 NOISE_5 NOISE_3 NOISE_6 NOISE_0 NOISE_4 NOISE_2 NOISE_6 NOISE_4 NOISE_5 NOISE_0 NOISE_6 NOISE_5 K11 VALUE_0 NOISE_7 NOISE_3 NOISE_5 NOISE_3 K2 VALUE_0 NOISE_6 K5 VALUE_0 NOISE_3 NOISE_2 NOISE_5 NOISE_6 NOISE_7 NOISE_6 NOISE_4 K21 VALUE_1 NOISE_3 NOISE_6 NOISE_7 NOISE_1 NOISE_5 NOISE_7 NOISE_6 NOISE_0 NOISE_7 NOISE_1 NOISE_4 NOISE_2 NOISE_2 NOISE_4 NOISE_3 NOISE_0 NOISE_7 NOISE_2 NOISE_4 NOISE_5 NOISE_5 NOISE_1 NOISE_5 NOISE_2 NOISE_7 NOISE_6 NOISE_0 NOISE_3 NOISE_7 NOISE_0 NOISE_5 NOISE_2 NOISE_3 NOISE_2 NOISE_4 NOISE_3 NOISE_0 NOISE_1 NOISE_2 NOISE_5 NOISE_4 NOISE_0 NOISE_7 NOISE_0 NOISE_7 NOISE_5 NOISE_7 NOISE_5 NOISE_4 NOISE_7 K13 VALUE_1 NOISE_7 NOISE_2 NOISE_5 NOISE_4 NOISE_4 NOISE_7 NOISE_0 NOISE_7 NOISE_5 NOISE_0 NOISE_6 NOISE_5 NOISE_3 NOISE_2 NOISE_4 NOISE_7 NOISE_0 NOISE_1 NOISE_4 NOISE_7 NOISE_6 NOISE_6 NOISE_3 NOISE_7 NOISE_1 NOISE_5 NOISE_4 NOISE_6 NOISE_2 NOISE_6 NOISE_4 NOISE_6 NOISE_4 NOISE_0 NOISE_3 K26 VALUE_1 NOISE_1 NOISE_1 K12 VALUE_0 NOISE_3 NOISE_5 NOISE_2 NOISE_6 NOISE_6 NOISE_1 NOISE_3 NOISE_6 NOISE_7 NOISE_5 NOISE_7 NOISE_2 K16 VALUE_1 NOISE_3 NOISE_1 NOISE_2 NOISE_7 NOISE_1 NOISE_5 NOISE_4 NOISE_4 NOISE_7 NOISE_7 NOISE_0 K30 VALUE_1 NOISE_6 NOISE_0 NOISE_4 NOISE_2 NOISE_0 NOISE_6 NOISE_6 NOISE_2 NOISE_4 NOISE_4 NOISE_5 NOISE_5 NOISE_1 NOISE_5 NOISE_6 NOISE_2 NOISE_7 NOISE_5 NOISE_2 K7 VALUE_0 NOISE_0 NOISE_4 NOISE_3 NOISE_2 NOISE_6 NOISE_7 NOISE_5 NOISE_5 NOISE_0 NOISE_1 NOISE_2 NOISE_4 NOISE_2 NOISE_1 NOISE_7 NOISE_5 NOISE_7 NOISE_5 NOISE_1 NOISE_0 NOISE_1 NOISE_6 NOISE_7 NOISE_7 NOISE_1 NOISE_1 NOISE_3 NOISE_1 NOISE_2 NOISE_6 NOISE_4 NOISE_5 NOISE_2 NOISE_6 NOISE_1 NOISE_6 NOISE_3 NOISE_5 NOISE_2 NOISE_2 NOISE_7 NOISE_7 NOISE_5 NOISE_4 NOISE_0 NOISE_4 NOISE_6 NOISE_5 K20 VALUE_1 K24 VALUE_1 NOISE_1 NOISE_4 NOISE_4 NOISE_4 NOISE_3 NOISE_6 NOISE_1 NOISE_5 NOISE_6 NOISE_4 NOISE_4 NOISE_1 NOISE_1 NOISE_5 NOISE_6 NOISE_1 NOISE_1 NOISE_0 K4 VALUE_0 NOISE_2 NOISE_0 NOISE_2 NOISE_7 NOISE_6 NOISE_3 NOISE_6 NOISE_4 K31 VALUE_0 NOISE_2 NOISE_6 NOISE_1 NOISE_6 NOISE_5 NOISE_6 NOISE_4 NOISE_0 NOISE_1 NOISE_7 NOISE_5 NOISE_4 NOISE_0 NOISE_3 NOISE_6 NOISE_7 NOISE_2 NOISE_4 NOISE_1 NOISE_6 NOISE_3 K17 VALUE_0 NOISE_5 NOISE_6 NOISE_6 NOISE_1 NOISE_1 NOISE_1 NOISE_4 NOISE_1 NOISE_5 NOISE_2 NOISE_5 NOISE_5 NOISE_3 NOISE_2 NOISE_6 NOISE_0 NOISE_4 K6 VALUE_1 NOISE_7 NOISE_5 NOISE_2 NOISE_4 NOISE_6 NOISE_0 K3 VALUE_1 NOISE_4 NOISE_4 NOISE_2 NOISE_1 NOISE_1 NOISE_4 NOISE_6 NOISE_3 NOISE_4 NOISE_3 NOISE_4 NOISE_5 NOISE_4 NOISE_5 NOISE_4 NOISE_3 NOISE_2 NOISE_5 NOISE_2 NOISE_5 NOISE_0 NOISE_2 NOISE_1 NOISE_1 K1 VALUE_0 NOISE_1 NOISE_4 NOISE_7 NOISE_4 NOISE_2 NOISE_3 NOISE_3 NOISE_7 NOISE_5 NOISE_0 NOISE_5 NOISE_2 NOISE_1 NOISE_4 NOISE_0 NOISE_3 NOISE_4 NOISE_3 NOISE_2 NOISE_6 NOISE_1 NOISE_3 NOISE_1 NOISE_2 NOISE_5 NOISE_3 NOISE_2 NOISE_3 NOISE_7 NOISE_6 NOISE_0 K25 VALUE_1 NOISE_0 NOISE_0 NOISE_6 NOISE_0 NOISE_6 NOISE_5 NOISE_1 NOISE_3 NOISE_6 NOISE_3 NOISE_6 NOISE_6 NOISE_2 K27 VALUE_1 NOISE_2 NOISE_1 NOISE_1 NOISE_4 NOISE_5 NOISE_2 NOISE_7 NOISE_0 NOISE_7 NOISE_7 NOISE_3 NOISE_5 NOISE_1 NOISE_5 NOISE_6 NOISE_2 NOISE_1 NOISE_1 NOISE_5 K8 VALUE_1 NOISE_7 NOISE_6 NOISE_1 NOISE_0 NOISE_3 NOISE_5 NOISE_1 NOISE_1 NOISE_6 NOISE_5 NOISE_3 NOISE_7 NOISE_6 NOISE_5 NOISE_2 NOISE_1 NOISE_2 NOISE_0 NOISE_6 NOISE_1 NOISE_4 NOISE_6 NOISE_0 NOISE_2 NOISE_3 NOISE_7 NOISE_6 NOISE_5 NOISE_0 NOISE_3 NOISE_7 NOISE_6 NOISE_1 NOISE_0 NOISE_7 NOISE_2 NOISE_5 NOISE_2 NOISE_1 NOISE_1 K22 VALUE_0 NOISE_4 NOISE_1 NOISE_0 NOISE_3 NOISE_1 NOISE_0 NOISE_5 NOISE_1 NOISE_2 NOISE_6 NOISE_7 NOISE_7 NOISE_7 NOISE_1 NOISE_2 NOISE_5 NOISE_4 NOISE_6 NOISE_4 NOISE_4 NOISE_6 NOISE_2 NOISE_4 NOISE_6 NOISE_6 NOISE_7 NOISE_0 NOISE_4 NOISE_1 NOISE_6 NOISE_4 NOISE_0 NOISE_0 NOISE_0 NOISE_2 NOISE_2 NOISE_5 NOISE_2 Q24
28,K8,VALUE_0,64,2717,NOISE_0 NOISE_7 NOISE_3 NOISE_1 NOISE_3 NOISE_5 NOISE_5 NOISE_2 NOISE_7 NOISE_1 K0 VALUE_0 NOISE_7 NOISE_3 NOISE_0 NOISE_4 NOISE_7 NOISE_0 NOISE_1 NOISE_7 NOISE_6 K25 VALUE_0 NOISE_2 NOISE_7 NOISE_6 NOISE_1 NOISE_7 NOISE_1 NOISE_5 NOISE_1 NOISE_7 NOISE_7 NOISE_2 NOISE_6 NOISE_4 NOISE_1 K16 VALUE_0 NOISE_6 K5 VALUE_1 NOISE_7 NOISE_7 NOISE_1 NOISE_1 NOISE_3 NOISE_7 NOISE_1 NOISE_3 NOISE_4 NOISE_4 NOISE_5 NOISE_6 NOISE_3 NOISE_5 NOISE_6 NOISE_2 NOISE_6 NOISE_7 NOISE_0 NOISE_3 NOISE_4 NOISE_5 NOISE_2 NOISE_0 NOISE_4 NOISE_6 NOISE_3 NOISE_2 NOISE_7 NOISE_7 NOISE_6 NOISE_7 NOISE_6 NOISE_7 NOISE_4 NOISE_6 NOISE_0 K21 VALUE_1 NOISE_1 NOISE_4 K30 VALUE_1 K2 VALUE_1 NOISE_6 NOISE_1 NOISE_2 NOISE_2 NOISE_2 NOISE_2 NOISE_4 NOISE_0 K20 VALUE_1 NOISE_2 NOISE_2 NOISE_6 NOISE_3 NOISE_6 NOISE_4 NOISE_0 NOISE_0 NOISE_2 NOISE_2 NOISE_1 NOISE_7 NOISE_2 NOISE_6 NOISE_6 NOISE_5 NOISE_2 K17 VALUE_0 NOISE_5 NOISE_2 NOISE_2 K10 VALUE_1 NOISE_0 NOISE_7 NOISE_0 NOISE_3 NOISE_1 NOISE_3 NOISE_0 K29 VALUE_0 NOISE_1 NOISE_6 NOISE_7 K22 VALUE_1 NOISE_6 NOISE_1 NOISE_4 NOISE_7 NOISE_3 NOISE_1 NOISE_6 NOISE_5 NOISE_6 NOISE_1 NOISE_5 NOISE_1 NOISE_2 NOISE_5 NOISE_5 NOISE_0 NOISE_0 NOISE_4 K28 VALUE_0 NOISE_2 NOISE_5 NOISE_1 NOISE_1 NOISE_1 NOISE_4 NOISE_6 NOISE_4 NOISE_7 NOISE_5 NOISE_1 NOISE_3 NOISE_4 NOISE_4 NOISE_3 NOISE_5 NOISE_5 NOISE_2 NOISE_7 NOISE_1 NOISE_2 NOISE_0 NOISE_7 NOISE_0 NOISE_3 NOISE_3 NOISE_6 NOISE_2 NOISE_6 NOISE_2 NOISE_0 NOISE_0 NOISE_7 NOISE_2 NOISE_7 NOISE_0 NOISE_5 NOISE_7 NOISE_5 NOISE_4 NOISE_3 NOISE_7 NOISE_3 NOISE_3 NOISE_6 NOISE_7 NOISE_3 NOISE_0 NOISE_7 NOISE_1 NOISE_7 NOISE_5 NOISE_2 NOISE_3 K4 VALUE_1 NOISE_2 K12 VALUE_0 NOISE_3 NOISE_1 NOISE_6 NOISE_2 NOISE_2 NOISE_7 NOISE_5 NOISE_6 NOISE_6 NOISE_7 NOISE_7 NOISE_5 NOISE_3 NOISE_7 NOISE_6 NOISE_4 NOISE_5 NOISE_5 NOISE_7 NOISE_5 NOISE_6 NOISE_5 NOISE_1 NOISE_1 NOISE_7 NOISE_4 NOISE_3 NOISE_0 NOISE_3 NOISE_3 NOISE_3 NOISE_5 NOISE_2 NOISE_5 NOISE_7 K31 VALUE_1 NOISE_6 NOISE_1 NOISE_7 NOISE_1 NOISE_3 NOISE_2 NOISE_6 NOISE_1 K15 VALUE_0 NOISE_0 NOISE_6 NOISE_0 NOISE_1 NOISE_5 NOISE_0 NOISE_5 NOISE_6 NOISE_6 NOISE_1 NOISE_7 NOISE_4 NOISE_1 NOISE_5 NOISE_6 NOISE_3 NOISE_7 NOISE_0 NOISE_4 NOISE_7 NOISE_7 NOISE_6 NOISE_7 NOISE_3 NOISE_6 NOISE_1 NOISE_1 NOISE_6 NOISE_2 NOISE_0 NOISE_6 NOISE_6 NOISE_5 NOISE_4 NOISE_6 NOISE_7 NOISE_7 NOISE_5 NOISE_6 NOISE_5 NOISE_5 NOISE_7 NOISE_7 NOISE_7 NOISE_3 NOISE_2 NOISE_5 NOISE_3 NOISE_4 NOISE_4 NOISE_0 NOISE_1 NOISE_4 NOISE_6 NOISE_7 K14 VALUE_0 NOISE_1 NOISE_1 NOISE_6 NOISE_4 NOISE_3 NOISE_1 NOISE_1 NOISE_6 NOISE_0 NOISE_3 NOISE_1 NOISE_7 NOISE_6 NOISE_5 NOISE_7 NOISE_6 NOISE_7 NOISE_1 NOISE_4 NOISE_3 NOISE_0 NOISE_2 NOISE_2 NOISE_4 NOISE_3 NOISE_4 NOISE_5 NOISE_6 NOISE_3 NOISE_1 NOISE_0 NOISE_2 NOISE_0 NOISE_0 NOISE_3 NOISE_7 NOISE_7 NOISE_7 NOISE_3 NOISE_0 NOISE_1 K11 VALUE_0 NOISE_7 NOISE_3 NOISE_4 NOISE_3 NOISE_5 NOISE_1 K9 VALUE_1 NOISE_4 NOISE_3 NOISE_6 NOISE_2 NOISE_2 NOISE_4 NOISE_2 NOISE_4 NOISE_0 NOISE_1 NOISE_7 NOISE_4 NOISE_5 NOISE_6 NOISE_3 NOISE_2 NOISE_7 NOISE_0 NOISE_0 NOISE_0 NOISE_0 NOISE_4 NOISE_3 NOISE_5 K27 VALUE_0 NOISE_6 NOISE_1 NOISE_2 NOISE_4 NOISE_1 NOISE_4 NOISE_5 NOISE_7 NOISE_1 NOISE_1 NOISE_6 NOISE_7 NOISE_5 NOISE_5 NOISE_2 NOISE_0 NOISE_4 NOISE_5 NOISE_0 NOISE_5 NOISE_4 NOISE_0 NOISE_1 NOISE_6 NOISE_2 NOISE_7 NOISE_4 NOISE_1 NOISE_4 NOISE_4 NOISE_5 NOISE_2 NOISE_3 NOISE_3 NOISE_2 NOISE_5 NOISE_4 NOISE_1 NOISE_0 NOISE_3 NOISE_2 NOISE_0 NOISE_5 NOISE_6 NOISE_3 NOISE_1 NOISE_2 NOISE_2 NOISE_4 NOISE_0 NOISE_6 K8 VALUE_0 NOISE_4 NOISE_1 NOISE_2 NOISE_4 NOISE_6 NOISE_4 NOISE_0 NOISE_1 NOISE_4 NOISE_4 NOISE_5 NOISE_6 NOISE_1 NOISE_0 NOISE_4 NOISE_7 NOISE_1 NOISE_1 NOISE_0 NOISE_3 NOISE_2 NOISE_6 NOISE_4 NOISE_1 NOISE_1 NOISE_0 NOISE_4 NOISE_5 NOISE_4 NOISE_5 K26 VALUE_1 NOISE_5 NOISE_7 NOISE_2 NOISE_7 NOISE_4 NOISE_1 NOISE_2 NOISE_5 NOISE_5 K24 VALUE_1 NOISE_1 NOISE_5 NOISE_7 NOISE_2 NOISE_5 NOISE_0 NOISE_5 NOISE_4 NOISE_7 NOISE_5 NOISE_7 NOISE_5 NOISE_1 NOISE_1 NOISE_2 NOISE_0 NOISE_2 NOISE_7 NOISE_1 NOISE_1 Q8
29,K30,VALUE_0,128,2939,NOISE_0 K10 VALUE_1 NOISE_5 NOISE_7 NOISE_5 NOISE_2 K18 VALUE_1 NOISE_5 NOISE_0 NOISE_1 NOISE_0 NOISE_0 NOISE_3 NOISE_7 NOISE_4 NOISE_1 NOISE_1 NOISE_2 NOISE_0 NOISE_3 NOISE_1 NOISE_0 NOISE_4 NOISE_1 NOISE_6 NOISE_7 NOISE_0 NOISE_7 NOISE_0 NOISE_7 NOISE_3 NOISE_2 NOISE_3 NOISE_3 NOISE_6 NOISE_5 NOISE_3 NOISE_4 NOISE_1 NOISE_7 NOISE_2 NOISE_6 NOISE_4 NOISE_0 NOISE_2 NOISE_2 NOISE_6 NOISE_6 NOISE_3 NOISE_6 NOISE_7 NOISE_5 NOISE_0 NOISE_5 NOISE_4 NOISE_3 NOISE_5 NOISE_6 NOISE_3 NOISE_6 NOISE_7 NOISE_4 NOISE_7 NOISE_3 NOISE_1 NOISE_1 NOISE_2 NOISE_2 NOISE_7 NOISE_2 NOISE_6 NOISE_2 NOISE_7 NOISE_3 NOISE_0 NOISE_1 NOISE_4 NOISE_2 NOISE_0 NOISE_4 NOISE_3 NOISE_0 NOISE_2 NOISE_3 NOISE_6 NOISE_4 NOISE_3 NOISE_4 NOISE_1 NOISE_7 NOISE_6 NOISE_1 NOISE_0 K14 VALUE_0 NOISE_2 K5 VALUE_0 NOISE_4 NOISE_0 NOISE_4 NOISE_3 NOISE_2 NOISE_5 NOISE_0 NOISE_2 NOISE_7 K21 VALUE_0 NOISE_4 NOISE_0 NOISE_5 NOISE_4 NOISE_7 NOISE_4 NOISE_5 NOISE_6 NOISE_5 NOISE_3 NOISE_6 NOISE_7 NOISE_4 NOISE_4 NOISE_3 NOISE_4 NOISE_3 NOISE_1 NOISE_6 NOISE_1 NOISE_1 NOISE_0 NOISE_3 NOISE_6 NOISE_0 NOISE_0 NOISE_2 NOISE_1 NOISE_2 NOISE_6 NOISE_7 NOISE_2 NOISE_2 NOISE_1 NOISE_2 NOISE_4 NOISE_0 NOISE_6 NOISE_2 NOISE_3 NOISE_1 NOISE_6 NOISE_1 NOISE_1 NOISE_5 NOISE_6 NOISE_5 NOISE_2 NOISE_3 NOISE_5 NOISE_4 NOISE_0 NOISE_2 NOISE_6 NOISE_6 NOISE_5 NOISE_6 NOISE_5 NOISE_7 NOISE_7 NOISE_6 NOISE_0 NOISE_2 NOISE_2 NOISE_1 NOISE_7 NOISE_7 NOISE_1 NOISE_4 NOISE_6 NOISE_5 NOISE_6 K27 VALUE_0 NOISE_5 NOISE_5 NOISE_0 NOISE_1 NOISE_6 NOISE_2 NOISE_3 NOISE_4 NOISE_6 NOISE_4 NOISE_4 NOISE_6 NOISE_6 NOISE_2 NOISE_7 NOISE_1 NOISE_5 NOISE_4 NOISE_7 NOISE_5 NOISE_6 NOISE_0 NOISE_6 NOISE_0 NOISE_4 NOISE_4 NOISE_4 NOISE_1 NOISE_6 NOISE_1 NOISE_2 NOISE_5 NOISE_1 NOISE_4 NOISE_2 K0 VALUE_1 NOISE_1 NOISE_1 NOISE_0 NOISE_1 K20 VALUE_1 NOISE_4 NOISE_4 NOISE_6 NOISE_7 NOISE_1 NOISE_6 NOISE_7 NOISE_5 NOISE_2 NOISE_0 NOISE_5 NOISE_4 NOISE_0 NOISE_6 NOISE_3 NOISE_0 NOISE_7 K4 VALUE_0 NOISE_6 NOISE_6 NOISE_1 K12 VALUE_1 NOISE_4 NOISE_4 NOISE_4 NOISE_4 NOISE_2 NOISE_7 K29 VALUE_0 NOISE_7 K17 VALUE_1 NOISE_4 NOISE_0 NOISE_3 K8 VALUE_0 NOISE_2 K9 VALUE_1 NOISE_1 NOISE_3 NOISE_0 NOISE_5 NOISE_6 NOISE_0 NOISE_4 NOISE_6 NOISE_1 NOISE_0 NOISE_5 NOISE_5 NOISE_2 NOISE_3 NOISE_2 NOISE_4 NOISE_2 NOISE_4 NOISE_3 NOISE_3 NOISE_4 NOISE_4 NOISE_6 NOISE_6 NOISE_0 NOISE_7 NOISE_0 NOISE_3 NOISE_5 NOISE_7 NOISE_5 NOISE_2 NOISE_0 NOISE_3 NOISE_3 NOISE_5 K28 VALUE_1 NOISE_0 NOISE_3 NOISE_0 K23 VALUE_0 NOISE_3 NOISE_6 NOISE_4 NOISE_1 NOISE_6 NOISE_6 NOISE_7 NOISE_3 NOISE_7 NOISE_7 NOISE_4 NOISE_2 NOISE_0 NOISE_0 NOISE_3 NOISE_2 K11 VALUE_1 NOISE_6 NOISE_6 NOISE_5 NOISE_3 NOISE_6 NOISE_5 NOISE_7 NOISE_3 NOISE_6 NOISE_3 NOISE_4 NOISE_2 NOISE_3 NOISE_2 NOISE_0 NOISE_5 NOISE_1 NOISE_5 NOISE_5 K22 VALUE_1 NOISE_4 NOISE_2 NOISE_5 NOISE_4 NOISE_6 NOISE_3 NOISE_6 NOISE_1 NOISE_2 NOISE_5 NOISE_5 NOISE_5 NOISE_2 NOISE_3 NOISE_7 NOISE_3 NOISE_4 K16 VALUE_0 NOISE_4 NOISE_3 NOISE_7 NOISE_1 NOISE_1 NOISE_4 NOISE_3 NOISE_5 NOISE_5 NOISE_4 K30 VALUE_0 NOISE_5 NOISE_1 NOISE_3 NOISE_1 NOISE_3 NOISE_6 NOISE_6 NOISE_7 NOISE_6 NOISE_6 NOISE_4 NOISE_3 K26 VALUE_0 NOISE_2 NOISE_0 K13 VALUE_1 NOISE_7 NOISE_2 NOISE_1 NOISE_5 NOISE_4 K1 VALUE_0 NOISE_1 NOISE_6 NOISE_5 NOISE_4 NOISE_3 NOISE_2 NOISE_6 NOISE_3 NOISE_6 K25 VALUE_1 NOISE_4 NOISE_1 NOISE_2 NOISE_6 NOISE_3 NOISE_6 NOISE_2 NOISE_4 NOISE_6 NOISE_0 NOISE_1 NOISE_4 NOISE_6 NOISE_6 NOISE_4 NOISE_2 NOISE_6 NOISE_1 NOISE_5 NOISE_5 NOISE_5 NOISE_1 NOISE_5 NOISE_2 NOISE_5 NOISE_7 NOISE_5 NOISE_0 NOISE_3 NOISE_3 NOISE_7 NOISE_0 NOISE_5 NOISE_7 NOISE_5 NOISE_4 NOISE_2 NOISE_3 NOISE_5 NOISE_4 NOISE_6 NOISE_3 NOISE_1 NOISE_4 NOISE_1 NOISE_3 NOISE_4 NOISE_2 NOISE_2 NOISE_2 NOISE_0 NOISE_6 NOISE_7 NOISE_2 NOISE_0 NOISE_3 NOISE_6 NOISE_6 NOISE_0 NOISE_7 NOISE_5 NOISE_1 NOISE_3 NOISE_7 NOISE_6 NOISE_0 NOISE_3 NOISE_6 NOISE_7 NOISE_0 NOISE_3 NOISE_4 NOISE_3 NOISE_3 NOISE_5 NOISE_1 NOISE_4 NOISE_2 NOISE_7 NOISE_3 NOISE_0 NOISE_7 NOISE_0 NOISE_7 NOISE_5 NOISE_1 NOISE_5 NOISE_2 NOISE_0 NOISE_1 NOISE_5 Q30
30,K19,VALUE_1,16,1319,NOISE_3 NOISE_2 NOISE_1 NOISE_2 NOISE_7 K5 VALUE_0 NOISE_7 NOISE_7 NOISE_5 K11 VALUE_1 K27 VALUE_1 NOISE_2 NOISE_7 NOISE_7 NOISE_7 NOISE_7 NOISE_2 K9 VALUE_0 NOISE_1 NOISE_2 NOISE_0 K18 VALUE_0 NOISE_1 NOISE_3 NOISE_3 NOISE_3 NOISE_7 NOISE_0 NOISE_6 NOISE_6 NOISE_5 NOISE_1 NOISE_3 NOISE_5 NOISE_4 NOISE_5 NOISE_1 NOISE_5 NOISE_3 NOISE_6 NOISE_5 NOISE_3 NOISE_6 NOISE_4 NOISE_5 NOISE_3 NOISE_6 NOISE_6 NOISE_4 NOISE_4 NOISE_6 NOISE_0 NOISE_2 NOISE_0 NOISE_0 NOISE_7 NOISE_5 NOISE_6 NOISE_4 NOISE_2 NOISE_2 NOISE_6 NOISE_0 NOISE_5 K10 VALUE_1 NOISE_4 NOISE_5 NOISE_0 NOISE_5 NOISE_3 NOISE_2 NOISE_0 NOISE_4 NOISE_0 NOISE_2 NOISE_1 NOISE_3 NOISE_5 NOISE_7 NOISE_2 NOISE_5 NOISE_6 NOISE_1 NOISE_6 NOISE_7 NOISE_2 NOISE_0 NOISE_2 NOISE_5 NOISE_1 K26 VALUE_1 NOISE_5 NOISE_1 NOISE_5 NOISE_0 NOISE_6 NOISE_3 NOISE_5 NOISE_1 NOISE_1 NOISE_1 NOISE_3 NOISE_0 NOISE_2 NOISE_4 NOISE_1 NOISE_3 NOISE_3 NOISE_6 NOISE_0 NOISE_4 NOISE_0 NOISE_4 NOISE_0 NOISE_6 NOISE_2 NOISE_5 NOISE_0 NOISE_7 NOISE_2 NOISE_6 NOISE_3 NOISE_5 NOISE_4 NOISE_1 NOISE_1 NOISE_4 NOISE_7 NOISE_1 NOISE_0 NOISE_7 NOISE_5 NOISE_7 NOISE_2 NOISE_1 NOISE_4 NOISE_4 NOISE_0 NOISE_2 K16 VALUE_0 NOISE_2 NOISE_7 NOISE_6 NOISE_2 NOISE_4 NOISE_6 NOISE_5 NOISE_5 NOISE_7 NOISE_1 NOISE_4 NOISE_3 NOISE_0 NOISE_7 K2 VALUE_1 NOISE_3 NOISE_7 NOISE_3 NOISE_6 NOISE_1 NOISE_7 NOISE_6 NOISE_7 NOISE_5 NOISE_5 NOISE_0 NOISE_4 NOISE_0 NOISE_3 NOISE_7 NOISE_3 K24 VALUE_0 NOISE_0 NOISE_1 NOISE_3 NOISE_0 NOISE_2 NOISE_0 NOISE_6 NOISE_7 NOISE_3 NOISE_2 NOISE_5 NOISE_7 NOISE_3 NOISE_7 NOISE_2 NOISE_4 NOISE_6 NOISE_4 NOISE_5 NOISE_7 NOISE_3 NOISE_4 K7 VALUE_1 NOISE_7 NOISE_0 NOISE_7 NOISE_7 NOISE_7 NOISE_6 NOISE_3 NOISE_2 NOISE_5 NOISE_4 NOISE_3 NOISE_2 NOISE_2 NOISE_4 NOISE_2 NOISE_5 NOISE_0 NOISE_0 NOISE_6 NOISE_6 NOISE_7 NOISE_4 NOISE_4 NOISE_5 NOISE_5 NOISE_0 NOISE_3 K20 VALUE_1 NOISE_7 NOISE_2 NOISE_6 NOISE_3 NOISE_6 NOISE_2 NOISE_5 NOISE_0 NOISE_3 NOISE_7 NOISE_2 NOISE_4 NOISE_4 NOISE_2 NOISE_2 NOISE_0 NOISE_6 NOISE_7 NOISE_0 NOISE_5 NOISE_7 NOISE_5 NOISE_3 NOISE_5 NOISE_7 NOISE_6 NOISE_0 NOISE_6 NOISE_4 NOISE_5 NOISE_5 NOISE_2 NOISE_5 NOISE_4 NOISE_2 NOISE_5 NOISE_1 NOISE_3 NOISE_3 NOISE_4 NOISE_0 NOISE_7 NOISE_1 NOISE_4 NOISE_6 NOISE_4 NOISE_3 NOISE_7 NOISE_7 NOISE_1 NOISE_3 NOISE_5 NOISE_4 NOISE_5 NOISE_6 K31 VALUE_1 NOISE_7 NOISE_6 NOISE_7 NOISE_5 NOISE_4 NOISE_3 NOISE_6 NOISE_5 NOISE_5 NOISE_0 NOISE_6 NOISE_4 NOISE_5 NOISE_3 NOISE_6 NOISE_3 NOISE_3 NOISE_4 NOISE_6 NOISE_0 NOISE_2 NOISE_4 NOISE_0 NOISE_7 NOISE_1 NOISE_0 NOISE_3 NOISE_1 NOISE_6 NOISE_6 NOISE_0 K30 VALUE_0 NOISE_4 NOISE_5 NOISE_0 NOISE_7 NOISE_4 NOISE_4 NOISE_0 NOISE_2 NOISE_5 NOISE_2 NOISE_3 NOISE_6 NOISE_6 NOISE_6 NOISE_2 NOISE_1 NOISE_1 NOISE_3 NOISE_1 K12 VALUE_0 NOISE_3 NOISE_4 NOISE_4 NOISE_2 NOISE_6 NOISE_6 NOISE_3 NOISE_6 NOISE_0 NOISE_0 NOISE_1 NOISE_7 NOISE_0 NOISE_7 NOISE_0 NOISE_4 K1 VALUE_1 NOISE_1 NOISE_2 NOISE_0 NOISE_1 NOISE_1 NOISE_3 NOISE_6 NOISE_1 NOISE_0 NOISE_1 NOISE_3 NOISE_3 NOISE_6 NOISE_0 NOISE_4 NOISE_3 NOISE_7 NOISE_5 NOISE_1 NOISE_4 NOISE_4 NOISE_2 NOISE_0 NOISE_2 NOISE_4 NOISE_3 NOISE_7 NOISE_6 NOISE_7 NOISE_1 NOISE_3 NOISE_0 NOISE_2 K0 VALUE_0 NOISE_2 NOISE_0 NOISE_6 NOISE_2 NOISE_3 NOISE_2 NOISE_7 NOISE_0 NOISE_0 NOISE_4 K4 VALUE_0 NOISE_6 NOISE_0 NOISE_2 NOISE_0 K15 VALUE_1 NOISE_1 NOISE_1 NOISE_7 NOISE_7 NOISE_2 NOISE_0 NOISE_2 NOISE_0 NOISE_6 NOISE_5 NOISE_2 NOISE_5 K17 VALUE_0 NOISE_1 NOISE_0 NOISE_4 NOISE_2 NOISE_7 K13 VALUE_0 NOISE_4 NOISE_6 NOISE_4 NOISE_5 NOISE_5 NOISE_1 K8 VALUE_0 NOISE_5 NOISE_5 NOISE_7 NOISE_0 NOISE_4 NOISE_3 NOISE_0 NOISE_1 NOISE_4 NOISE_4 NOISE_2 NOISE_2 NOISE_6 NOISE_7 NOISE_1 NOISE_3 NOISE_6 NOISE_5 NOISE_2 NOISE_0 NOISE_5 NOISE_5 NOISE_2 NOISE_1 NOISE_2 NOISE_6 NOISE_3 NOISE_5 NOISE_1 NOISE_2 NOISE_3 NOISE_6 NOISE_5 NOISE_7 NOISE_4 NOISE_5 NOISE_6 NOISE_5 NOISE_7 NOISE_2 NOISE_6 NOISE_3 NOISE_0 NOISE_0 NOISE_4 NOISE_7 NOISE_5 NOISE_2 K19 VALUE_1 NOISE_7 NOISE_6 NOISE_2 NOISE_1 NOISE_3 NOISE_2 NOISE_7 NOISE_2 K21 VALUE_1 NOISE_3 NOISE_7 NOISE_4 NOISE_0 NOISE_4 Q19
31,K4,VALUE_0,64,1896,NOISE_0 NOISE_0 NOISE_6 NOISE_2 NOISE_4 NOISE_1 NOISE_5 NOISE_4 NOISE_1 NOISE_7 NOISE_4 K1 VALUE_0 NOISE_4 NOISE_2 NOISE_1 K14 VALUE_1 NOISE_1 NOISE_5 NOISE_1 NOISE_5 NOISE_4 NOISE_4 NOISE_2 K12 VALUE_0 NOISE_4 NOISE_1 NOISE_7 NOISE_3 NOISE_7 NOISE_0 NOISE_0 NOISE_0 NOISE_5 NOISE_5 NOISE_2 NOISE_6 NOISE_6 NOISE_4 NOISE_2 NOISE_0 NOISE_0 NOISE_7 NOISE_2 NOISE_0 NOISE_1 NOISE_3 NOISE_5 NOISE_0 NOISE_1 NOISE_4 NOISE_6 NOISE_2 NOISE_2 NOISE_6 NOISE_0 K25 VALUE_1 NOISE_3 NOISE_3 NOISE_4 NOISE_0 NOISE_1 NOISE_0 NOISE_4 NOISE_0 NOISE_6 NOISE_5 NOISE_2 NOISE_3 NOISE_2 NOISE_1 NOISE_7 NOISE_6 NOISE_3 NOISE_7 NOISE_3 NOISE_5 NOISE_5 NOISE_5 NOISE_2 NOISE_5 NOISE_2 NOISE_7 NOISE_5 NOISE_7 NOISE_7 NOISE_0 NOISE_7 NOISE_7 NOISE_7 NOISE_2 NOISE_5 NOISE_1 NOISE_0 NOISE_2 NOISE_7 NOISE_1 NOISE_2 NOISE_6 NOISE_3 NOISE_3 NOISE_5 NOISE_4 NOISE_6 NOISE_3 NOISE_5 NOISE_0 NOISE_2 NOISE_3 NOISE_6 NOISE_6 NOISE_7 NOISE_0 NOISE_7 NOISE_3 NOISE_0 NOISE_6 NOISE_2 NOISE_6 NOISE_5 NOISE_5 NOISE_6 NOISE_7 NOISE_7 NOISE_6 NOISE_6 NOISE_0 NOISE_7 NOISE_4 K11 VALUE_1 NOISE_2 K8 VALUE_1 NOISE_7 K10 VALUE_0 NOISE_4 NOISE_1 NOISE_5 NOISE_0 K16 VALUE_1 NOISE_1 K0 VALUE_1 NOISE_3 K21 VALUE_1 NOISE_7 NOISE_6 NOISE_0 NOISE_1 NOISE_1 NOISE_0 NOISE_6 NOISE_4 NOISE_5 NOISE_4 NOISE_0 NOISE_0 NOISE_0 NOISE_3 NOISE_0 NOISE_0 NOISE_6 NOISE_7 NOISE_2 NOISE_2 NOISE_5 NOISE_6 NOISE_7 NOISE_3 NOISE_6 NOISE_3 NOISE_4 NOISE_4 NOISE_1 NOISE_1 NOISE_3 NOISE_2 NOISE_1 NOISE_2 NOISE_1 NOISE_5 NOISE_7 NOISE_6 NOISE_2 NOISE_3 NOISE_4 NOISE_1 K9 VALUE_0 NOISE_6 NOISE_2 NOISE_1 NOISE_5 NOISE_5 NOISE_2 NOISE_0 NOISE_2 NOISE_6 NOISE_1 NOISE_4 NOISE_2 NOISE_1 NOISE_5 NOISE_1 NOISE_2 NOISE_3 NOISE_3 NOISE_3 NOISE_6 NOISE_1 NOISE_3 NOISE_7 NOISE_4 NOISE_4 NOISE_0 NOISE_1 NOISE_7 NOISE_7 NOISE_1 NOISE_1 NOISE_3 NOISE_0 NOISE_2 NOISE_6 NOISE_6 NOISE_5 NOISE_7 NOISE_4 NOISE_5 NOISE_3 NOISE_5 NOISE_5 K31 VALUE_1 NOISE_2 NOISE_6 NOISE_2 NOISE_4 NOISE_7 NOISE_1 NOISE_1 NOISE_0 NOISE_0 NOISE_0 NOISE_1 NOISE_4 NOISE_4 NOISE_0 NOISE_2 NOISE_7 NOISE_1 NOISE_3 NOISE_0 NOISE_6 NOISE_4 NOISE_0 NOISE_7 NOISE_5 NOISE_4 NOISE_5 NOISE_7 NOISE_0 NOISE_5 NOISE_3 NOISE_3 NOISE_0 NOISE_4 NOISE_7 K30 VALUE_1 NOISE_1 NOISE_4 NOISE_0 NOISE_4 NOISE_5 NOISE_6 NOISE_2 NOISE_4 NOISE_0 NOISE_1 NOISE_4 NOISE_4 NOISE_1 NOISE_6 NOISE_5 NOISE_5 NOISE_7 NOISE_2 NOISE_3 NOISE_5 NOISE_7 NOISE_7 NOISE_7 NOISE_1 NOISE_6 NOISE_4 NOISE_0 NOISE_2 NOISE_4 NOISE_5 NOISE_1 NOISE_6 NOISE_2 K24 VALUE_0 NOISE_1 K20 VALUE_0 NOISE_2 NOISE_3 NOISE_7 NOISE_0 NOISE_4 NOISE_0 NOISE_4 NOISE_7 NOISE_4 K28 VALUE_0 NOISE_5 NOISE_0 NOISE_1 NOISE_4 NOISE_7 NOISE_0 NOISE_6 NOISE_5 NOISE_7 NOISE_4 NOISE_7 NOISE_4 NOISE_6 NOISE_3 K26 VALUE_1 NOISE_6 NOISE_7 NOISE_3 NOISE_6 NOISE_0 NOISE_1 NOISE_0 NOISE_7 NOISE_6 NOISE_6 NOISE_5 NOISE_3 NOISE_0 NOISE_2 NOISE_2 NOISE_7 NOISE_3 NOISE_0 NOISE_3 NOISE_7 NOISE_7 NOISE_2 NOISE_7 NOISE_1 NOISE_0 NOISE_3 NOISE_7 NOISE_3 NOISE_5 NOISE_1 NOISE_7 NOISE_3 NOISE_7 NOISE_2 NOISE_2 NOISE_1 NOISE_4 NOISE_5 NOISE_4 NOISE_0 NOISE_7 NOISE_2 NOISE_5 NOISE_0 NOISE_4 NOISE_6 NOISE_3 NOISE_2 NOISE_1 NOISE_7 NOISE_5 NOISE_2 NOISE_2 NOISE_4 NOISE_4 NOISE_2 NOISE_0 NOISE_6 NOISE_3 NOISE_1 NOISE_5 NOISE_1 NOISE_0 NOISE_0 NOISE_7 NOISE_2 NOISE_5 NOISE_6 K22 VALUE_1 NOISE_0 NOISE_1 NOISE_0 NOISE_0 NOISE_2 NOISE_5 NOISE_1 NOISE_2 NOISE_2 NOISE_1 NOISE_3 NOISE_4 NOISE_2 NOISE_4 K3 VALUE_0 NOISE_1 NOISE_3 NOISE_2 NOISE_1 NOISE_5 NOISE_7 NOISE_5 NOISE_7 NOISE_5 K6 VALUE_1 K23 VALUE_0 K29 VALUE_0 NOISE_3 NOISE_6 NOISE_6 K4 VALUE_0 NOISE_3 NOISE_6 NOISE_2 NOISE_0 NOISE_3 NOISE_1 NOISE_5 NOISE_2 NOISE_3 NOISE_2 NOISE_0 NOISE_3 NOISE_0 NOISE_5 NOISE_4 NOISE_3 NOISE_2 NOISE_4 NOISE_7 NOISE_7 NOISE_2 NOISE_6 NOISE_3 NOISE_6 NOISE_0 NOISE_4 NOISE_6 NOISE_2 NOISE_7 NOISE_0 K5 VALUE_0 NOISE_1 NOISE_5 NOISE_5 NOISE_6 NOISE_1 NOISE_4 NOISE_5 NOISE_1 NOISE_4 NOISE_6 NOISE_1 NOISE_5 NOISE_0 NOISE_0 NOISE_3 NOISE_3 NOISE_2 NOISE_0 NOISE_4 NOISE_6 NOISE_5 NOISE_2 NOISE_7 NOISE_0 NOISE_5 NOISE_7 NOISE_3 NOISE_1 NOISE_0 NOISE_1 NOISE_3 Q4
32,K15,VALUE_0,16,416,NOISE_2 NOISE_1 NOISE_3 NOISE_6 NOISE_4 NOISE_5 NOISE_6 NOISE_2 NOISE_0 NOISE_1 NOISE_5 NOISE_3 NOISE_7 NOISE_4 NOISE_6 NOISE_0 NOISE_3 K7 VALUE_1 NOISE_6 NOISE_0 NOISE_4 NOISE_6 NOISE_5 NOISE_0 NOISE_4 NOISE_6 NOISE_7 NOISE_4 NOISE_5 K28 VALUE_1 NOISE_4 NOISE_7 NOISE_6 NOISE_6 NOISE_5 K27 VALUE_0 NOISE_5 NOISE_2 NOISE_2 NOISE_5 NOISE_6 NOISE_4 NOISE_6 NOISE_4 K19 VALUE_1 NOISE_7 NOISE_6 NOISE_3 NOISE_3 NOISE_3 NOISE_3 NOISE_3 NOISE_2 NOISE_0 NOISE_3 NOISE_3 NOISE_3 NOISE_7 NOISE_1 NOISE_3 NOISE_5 NOISE_7 NOISE_6 NOISE_3 NOISE_4 NOISE_7 NOISE_1 NOISE_3 NOISE_0 NOISE_7 NOISE_3 NOISE_4 NOISE_5 NOISE_3 NOISE_3 NOISE_6 NOISE_2 NOISE_3 NOISE_1 NOISE_4 K26 VALUE_0 NOISE_7 NOISE_7 NOISE_7 NOISE_5 NOISE_7 NOISE_2 NOISE_4 K23 VALUE_1 NOISE_5 NOISE_4 NOISE_0 NOISE_4 NOISE_7 NOISE_0 NOISE_5 NOISE_2 NOISE_3 NOISE_4 NOISE_5 NOISE_0 NOISE_1 K20 VALUE_0 NOISE_5 NOISE_4 NOISE_2 NOISE_6 NOISE_4 NOISE_1 NOISE_0 NOISE_6 K21 VALUE_0 NOISE_2 NOISE_3 NOISE_4 NOISE_1 NOISE_0 NOISE_4 NOISE_7 NOISE_5 K30 VALUE_0 NOISE_7 NOISE_5 NOISE_6 NOISE_5 NOISE_0 NOISE_7 NOISE_5 NOISE_3 NOISE_7 NOISE_2 NOISE_5 NOISE_7 NOISE_5 NOISE_5 NOISE_6 NOISE_0 NOISE_3 NOISE_2 NOISE_5 NOISE_6 NOISE_1 NOISE_2 NOISE_1 NOISE_4 NOISE_5 NOISE_6 NOISE_3 NOISE_4 NOISE_4 NOISE_3 NOISE_2 NOISE_3 NOISE_5 NOISE_0 NOISE_4 NOISE_3 NOISE_6 NOISE_6 NOISE_7 NOISE_7 NOISE_3 NOISE_5 NOISE_5 K4 VALUE_1 NOISE_4 NOISE_1 NOISE_5 NOISE_5 NOISE_1 NOISE_2 NOISE_6 NOISE_4 NOISE_3 NOISE_7 NOISE_7 NOISE_0 NOISE_6 NOISE_4 NOISE_5 NOISE_6 NOISE_5 NOISE_5 NOISE_0 NOISE_4 NOISE_7 NOISE_3 NOISE_7 NOISE_4 NOISE_5 NOISE_7 NOISE_5 NOISE_2 NOISE_0 NOISE_2 NOISE_7 NOISE_6 NOISE_2 NOISE_5 NOISE_4 NOISE_0 NOISE_6 NOISE_0 NOISE_0 NOISE_7 NOISE_1 NOISE_6 NOISE_1 NOISE_7 NOISE_5 NOISE_6 NOISE_7 NOISE_2 NOISE_0 NOISE_7 NOISE_2 NOISE_1 NOISE_4 NOISE_2 NOISE_7 NOISE_3 NOISE_1 NOISE_3 NOISE_1 NOISE_1 NOISE_6 K22 VALUE_1 NOISE_6 NOISE_2 NOISE_1 NOISE_2 NOISE_2 NOISE_0 NOISE_1 NOISE_7 NOISE_7 NOISE_6 K12 VALUE_1 NOISE_1 NOISE_6 NOISE_1 NOISE_0 NOISE_6 K25 VALUE_0 NOISE_1 NOISE_0 NOISE_4 NOISE_0 K2 VALUE_1 NOISE_7 NOISE_7 NOISE_6 NOISE_5 NOISE_3 NOISE_4 NOISE_2 NOISE_0 NOISE_1 NOISE_5 NOISE_7 NOISE_2 NOISE_2 NOISE_3 NOISE_5 NOISE_7 NOISE_0 NOISE_5 NOISE_2 NOISE_7 NOISE_4 NOISE_4 NOISE_4 NOISE_3 NOISE_3 NOISE_3 NOISE_0 NOISE_5 NOISE_6 NOISE_7 NOISE_3 NOISE_1 NOISE_2 NOISE_7 NOISE_4 K13 VALUE_0 NOISE_7 NOISE_6 NOISE_2 K29 VALUE_1 NOISE_0 NOISE_6 NOISE_2 NOISE_1 NOISE_0 NOISE_6 NOISE_0 NOISE_3 NOISE_3 NOISE_7 NOISE_4 NOISE_5 NOISE_3 NOISE_0 NOISE_1 NOISE_5 NOISE_7 K3 VALUE_0 NOISE_7 NOISE_1 NOISE_6 NOISE_3 NOISE_2 NOISE_4 NOISE_4 NOISE_1 NOISE_3 NOISE_2 NOISE_7 NOISE_2 NOISE_7 NOISE_4 NOISE_0 NOISE_2 NOISE_4 NOISE_3 NOISE_1 NOISE_3 NOISE_4 NOISE_2 NOISE_4 NOISE_0 NOISE_2 NOISE_7 K16 VALUE_0 NOISE_6 NOISE_3 NOISE_2 NOISE_7 NOISE_2 NOISE_1 NOISE_5 NOISE_4 NOISE_2 NOISE_2 NOISE_3 NOISE_6 NOISE_7 NOISE_0 NOISE_7 NOISE_7 NOISE_7 NOISE_5 NOISE_3 NOISE_1 NOISE_6 NOISE_4 K9 VALUE_1 NOISE_7 NOISE_6 K6 VALUE_0 NOISE_5 NOISE_7 NOISE_6 NOISE_6 NOISE_7 NOISE_6 NOISE_3 NOISE_4 NOISE_2 NOISE_3 NOISE_1 NOISE_0 NOISE_1 NOISE_2 NOISE_4 NOISE_5 NOISE_6 NOISE_2 NOISE_7 NOISE_5 NOISE_1 NOISE_3 NOISE_6 NOISE_1 NOISE_7 NOISE_4 NOISE_6 NOISE_3 NOISE_1 NOISE_6 NOISE_0 NOISE_4 NOISE_5 NOISE_0 NOISE_6 NOISE_3 K0 VALUE_1 K24 VALUE_1 NOISE_6 NOISE_0 NOISE_7 NOISE_3 NOISE_3 NOISE_3 NOISE_5 NOISE_0 NOISE_2 NOISE_3 NOISE_3 NOISE_3 NOISE_7 NOISE_5 NOISE_2 NOISE_1 NOISE_2 NOISE_0 NOISE_4 NOISE_7 NOISE_0 NOISE_2 NOISE_6 NOISE_3 NOISE_1 NOISE_2 NOISE_4 NOISE_1 NOISE_0 NOISE_5 NOISE_1 NOISE_2 NOISE_4 NOISE_1 NOISE_7 NOISE_4 NOISE_7 NOISE_0 NOISE_1 NOISE_3 NOISE_1 NOISE_4 NOISE_6 NOISE_6 NOISE_3 NOISE_3 K8 VALUE_0 NOISE_2 NOISE_0 NOISE_3 NOISE_7 NOISE_7 NOISE_6 NOISE_0 NOISE_1 NOISE_6 NOISE_6 NOISE_3 NOISE_7 NOISE_4 NOISE_4 NOISE_1 NOISE_6 NOISE_6 NOISE_3 NOISE_3 NOISE_2 NOISE_7 NOISE_4 NOISE_6 NOISE_5 NOISE_4 NOISE_2 K15 VALUE_0 NOISE_0 NOISE_4 NOISE_0 NOISE_3 NOISE_4 NOISE_7 NOISE_2 NOISE_4 NOISE_5 NOISE_4 NOISE_6 NOISE_5 NOISE_7 NOISE_1 NOISE_0 Q15
33,K8,VALUE_1,16,351,NOISE_7 NOISE_2 NOISE_0 NOISE_6 NOISE_3 NOISE_0 NOISE_1 K24 VALUE_1 NOISE_2 NOISE_3 NOISE_7 NOISE_1 NOISE_4 NOISE_1 NOISE_7 NOISE_7 NOISE_7 NOISE_5 NOISE_7 NOISE_6 NOISE_7 NOISE_7 NOISE_4 NOISE_2 NOISE_1 NOISE_3 NOISE_6 NOISE_0 NOISE_0 NOISE_4 NOISE_6 NOISE_4 NOISE_6 NOISE_0 NOISE_4 K20 VALUE_0 NOISE_4 NOISE_4 K13 VALUE_1 NOISE_5 NOISE_5 NOISE_7 NOISE_2 NOISE_0 NOISE_0 NOISE_1 NOISE_4 NOISE_1 NOISE_2 NOISE_0 K0 VALUE_0 K19 VALUE_1 NOISE_4 NOISE_1 NOISE_6 NOISE_2 NOISE_1 NOISE_3 NOISE_7 NOISE_4 NOISE_1 NOISE_7 NOISE_4 NOISE_0 NOISE_2 NOISE_3 NOISE_3 NOISE_0 NOISE_5 K2 VALUE_0 NOISE_2 NOISE_4 NOISE_6 NOISE_3 NOISE_7 NOISE_2 NOISE_5 NOISE_1 NOISE_6 NOISE_7 NOISE_2 NOISE_7 NOISE_7 NOISE_0 NOISE_5 NOISE_4 NOISE_6 NOISE_0 NOISE_6 NOISE_1 NOISE_2 NOISE_1 NOISE_5 NOISE_2 NOISE_6 NOISE_1 NOISE_2 NOISE_6 NOISE_4 NOISE_5 NOISE_4 NOISE_0 NOISE_3 NOISE_3 NOISE_1 NOISE_2 NOISE_6 K10 VALUE_0 NOISE_0 NOISE_7 NOISE_2 K11 VALUE_1 NOISE_4 NOISE_1 NOISE_7 NOISE_2 NOISE_6 NOISE_7 NOISE_5 NOISE_7 NOISE_6 NOISE_0 NOISE_2 NOISE_7 NOISE_1 NOISE_7 NOISE_3 NOISE_7 NOISE_4 NOISE_2 NOISE_4 NOISE_2 NOISE_5 NOISE_7 NOISE_0 NOISE_6 NOISE_2 K23 VALUE_0 NOISE_2 NOISE_2 NOISE_6 NOISE_5 NOISE_3 NOISE_1 NOISE_6 NOISE_2 NOISE_3 NOISE_7 NOISE_7 NOISE_2 NOISE_3 NOISE_4 NOISE_2 NOISE_3 NOISE_5 NOISE_3 NOISE_5 NOISE_1 NOISE_7 K25 VALUE_1 NOISE_2 NOISE_5 NOISE_2 NOISE_5 NOISE_0 NOISE_3 NOISE_7 NOISE_6 NOISE_2 NOISE_4 NOISE_3 NOISE_6 NOISE_2 NOISE_7 NOISE_3 NOISE_4 NOISE_7 NOISE_0 NOISE_5 NOISE_6 NOISE_5 NOISE_5 NOISE_2 NOISE_6 NOISE_7 NOISE_4 NOISE_3 K15 VALUE_1 NOISE_4 NOISE_1 NOISE_3 NOISE_3 NOISE_2 NOISE_0 NOISE_6 NOISE_2 NOISE_5 NOISE_2 NOISE_6 NOISE_3 NOISE_0 NOISE_2 K14 VALUE_0 NOISE_1 NOISE_5 NOISE_2 NOISE_4 NOISE_3 NOISE_1 NOISE_6 NOISE_6 NOISE_5 NOISE_7 NOISE_2 NOISE_6 NOISE_4 NOISE_0 NOISE_7 NOISE_3 NOISE_6 NOISE_7 NOISE_3 NOISE_6 NOISE_3 NOISE_7 NOISE_5 NOISE_1 NOISE_2 NOISE_3 NOISE_7 NOISE_1 K1 VALUE_0 NOISE_0 NOISE_7 NOISE_1 NOISE_2 NOISE_0 NOISE_0 NOISE_1 NOISE_0 NOISE_3 NOISE_4 NOISE_5 NOISE_5 NOISE_3 NOISE_7 NOISE_0 NOISE_3 NOISE_3 NOISE_5 NOISE_5 NOISE_1 NOISE_3 NOISE_6 NOISE_5 NOISE_7 NOISE_3 NOISE_4 NOISE_3 NOISE_3 NOISE_2 NOISE_2 NOISE_4 NOISE_1 NOISE_4 K4 VALUE_0 NOISE_1 NOISE_2 NOISE_1 NOISE_2 NOISE_4 NOISE_5 NOISE_6 NOISE_3 NOISE_5 NOISE_1 NOISE_2 NOISE_0 NOISE_7 NOISE_6 K31 VALUE_0 NOISE_5 NOISE_7 NOISE_4 NOISE_4 NOISE_6 NOISE_6 NOISE_1 NOISE_7 NOISE_6 NOISE_2 NOISE_3 NOISE_4 NOISE_7 NOISE_4 NOISE_2 NOISE_3 NOISE_6 NOISE_0 NOISE_0 NOISE_6 NOISE_1 NOISE_0 NOISE_1 NOISE_3 NOISE_3 NOISE_0 NOISE_3 NOISE_3 NOISE_2 NOISE_5 NOISE_1 NOISE_3 NOISE_1 NOISE_4 NOISE_3 NOISE_3 NOISE_5 NOISE_3 NOISE_5 NOISE_1 NOISE_6 NOISE_5 NOISE_2 NOISE_7 NOISE_3 NOISE_1 NOISE_6 NOISE_5 NOISE_6 NOISE_5 NOISE_2 NOISE_3 NOISE_1 NOISE_6 NOISE_6 NOISE_1 NOISE_7 NOISE_3 NOISE_5 NOISE_5 K30 VALUE_1 NOISE_1 NOISE_5 NOISE_6 NOISE_6 K28 VALUE_0 NOISE_5 K3 VALUE_1 NOISE_5 NOISE_6 NOISE_7 NOISE_3 NOISE_7 NOISE_7 NOISE_0 NOISE_7 NOISE_3 NOISE_6 NOISE_1 NOISE_3 NOISE_6 NOISE_5 NOISE_5 NOISE_0 NOISE_3 NOISE_5 NOISE_5 NOISE_4 NOISE_5 NOISE_5 NOISE_2 NOISE_3 NOISE_6 NOISE_3 NOISE_1 NOISE_6 NOISE_7 NOISE_4 NOISE_4 NOISE_7 NOISE_7 NOISE_6 NOISE_1 NOISE_1 NOISE_3 NOISE_3 NOISE_2 NOISE_6 NOISE_0 NOISE_7 NOISE_5 NOISE_5 NOISE_7 NOISE_0 NOISE_5 NOISE_6 NOISE_5 NOISE_5 NOISE_3 NOISE_3 NOISE_1 NOISE_5 NOISE_2 NOISE_1 NOISE_7 NOISE_0 NOISE_6 NOISE_5 NOISE_1 NOISE_6 NOISE_5 NOISE_4 NOISE_5 NOISE_5 K7 VALUE_1 NOISE_2 NOISE_2 NOISE_7 NOISE_4 NOISE_3 NOISE_2 NOISE_1 NOISE_1 NOISE_5 NOISE_2 NOISE_5 NOISE_1 NOISE_1 NOISE_3 NOISE_5 NOISE_1 NOISE_4 NOISE_2 NOISE_3 NOISE_7 NOISE_4 NOISE_7 NOISE_4 NOISE_4 NOISE_1 NOISE_2 NOISE_7 K26 VALUE_1 NOISE_2 K16 VALUE_0 NOISE_5 NOISE_7 NOISE_0 NOISE_0 NOISE_2 K5 VALUE_0 NOISE_5 NOISE_5 NOISE_2 NOISE_0 NOISE_7 NOISE_5 NOISE_0 NOISE_4 NOISE_2 NOISE_6 NOISE_6 NOISE_2 NOISE_3 NOISE_7 NOISE_0 NOISE_4 NOISE_4 NOISE_1 NOISE_2 NOISE_0 K8 VALUE_1 NOISE_6 NOISE_0 NOISE_5 NOISE_6 NOISE_0 NOISE_6 NOISE_7 NOISE_3 K18 VALUE_1 NOISE_6 NOISE_7 NOISE_7 NOISE_5 NOISE_6 Q8
34,K26,VALUE_0,16,606,NOISE_2 NOISE_1 NOISE_1 NOISE_2 NOISE_5 NOISE_7 NOISE_4 NOISE_3 NOISE_1 NOISE_2 NOISE_5 K12 VALUE_1 NOISE_3 NOISE_4 NOISE_0 NOISE_1 NOISE_1 NOISE_0 K21 VALUE_1 NOISE_3 NOISE_2 NOISE_5 NOISE_1 NOISE_1 NOISE_6 NOISE_4 NOISE_4 NOISE_6 NOISE_7 NOISE_1 NOISE_5 NOISE_2 NOISE_3 NOISE_6 NOISE_5 NOISE_6 NOISE_1 NOISE_5 NOISE_2 NOISE_0 NOISE_3 NOISE_2 NOISE_7 NOISE_4 NOISE_1 NOISE_6 NOISE_0 NOISE_1 NOISE_6 NOISE_0 NOISE_2 NOISE_3 K4 VALUE_1 NOISE_7 NOISE_3 NOISE_7 NOISE_3 NOISE_4 NOISE_6 NOISE_0 NOISE_5 NOISE_5 NOISE_5 NOISE_6 K1 VALUE_0 K31 VALUE_1 NOISE_3 NOISE_7 NOISE_2 NOISE_3 NOISE_4 NOISE_6 NOISE_5 NOISE_1 NOISE_3 NOISE_3 NOISE_0 NOISE_7 NOISE_1 NOISE_4 K8 VALUE_0 NOISE_1 NOISE_1 NOISE_3 NOISE_6 K13 VALUE_0 NOISE_2 NOISE_4 NOISE_6 K11 VALUE_1 NOISE_7 K15 VALUE_0 NOISE_1 NOISE_1 NOISE_6 NOISE_0 NOISE_0 NOISE_7 NOISE_3 NOISE_3 NOISE_2 NOISE_3 NOISE_2 NOISE_3 NOISE_3 NOISE_7 NOISE_1 NOISE_2 NOISE_7 NOISE_6 NOISE_6 NOISE_0 NOISE_0 NOISE_3 NOISE_3 NOISE_4 NOISE_6 NOISE_3 NOISE_3 NOISE_6 NOISE_6 NOISE_2 NOISE_6 NOISE_1 NOISE_5 NOISE_4 NOISE_6 NOISE_4 NOISE_5 NOISE_0 NOISE_3 K17 VALUE_1 NOISE_0 NOISE_7 NOISE_1 NOISE_2 NOISE_6 NOISE_2 NOISE_3 NOISE_6 NOISE_6 NOISE_0 NOISE_2 K6 VALUE_1 NOISE_3 NOISE_4 NOISE_4 NOISE_1 NOISE_6 K14 VALUE_0 NOISE_6 NOISE_3 NOISE_6 NOISE_4 NOISE_5 NOISE_2 NOISE_5 NOISE_1 NOISE_7 NOISE_7 NOISE_3 NOISE_3 NOISE_0 NOISE_0 NOISE_6 NOISE_7 NOISE_0 NOISE_2 NOISE_2 NOISE_5 NOISE_3 NOISE_4 NOISE_2 K25 VALUE_1 NOISE_1 NOISE_5 NOISE_2 NOISE_2 NOISE_2 NOISE_7 NOISE_5 NOISE_1 NOISE_3 NOISE_2 NOISE_7 NOISE_0 NOISE_2 NOISE_7 NOISE_3 NOISE_0 NOISE_0 NOISE_6 NOISE_5 NOISE_5 NOISE_0 NOISE_6 NOISE_5 NOISE_1 NOISE_2 NOISE_1 NOISE_6 NOISE_7 NOISE_4 NOISE_5 NOISE_4 NOISE_5 NOISE_5 NOISE_7 NOISE_6 NOISE_5 NOISE_1 NOISE_0 NOISE_5 NOISE_4 NOISE_6 NOISE_4 NOISE_4 NOISE_2 NOISE_4 NOISE_0 NOISE_2 NOISE_2 NOISE_5 NOISE_4 NOISE_5 NOISE_3 NOISE_6 NOISE_0 NOISE_5 NOISE_6 NOISE_3 NOISE_4 NOISE_7 NOISE_3 NOISE_6 NOISE_3 NOISE_0 NOISE_3 NOISE_2 NOISE_5 NOISE_6 NOISE_5 NOISE_2 NOISE_0 NOISE_2 NOISE_5 NOISE_3 NOISE_1 NOISE_1 NOISE_2 NOISE_3 NOISE_7 NOISE_2 NOISE_2 NOISE_0 NOISE_3 NOISE_4 NOISE_1 NOISE_3 NOISE_7 NOISE_5 NOISE_2 NOISE_3 NOISE_2 NOISE_1 NOISE_7 NOISE_1 NOISE_0 NOISE_4 NOISE_4 NOISE_3 NOISE_0 NOISE_5 NOISE_6 NOISE_3 NOISE_0 NOISE_6 NOISE_1 NOISE_0 NOISE_1 NOISE_5 NOISE_6 NOISE_7 NOISE_7 NOISE_6 NOISE_2 NOISE_5 NOISE_7 NOISE_1 NOISE_2 NOISE_3 K23 VALUE_1 NOISE_6 NOISE_5 NOISE_2 NOISE_0 NOISE_4 NOISE_3 NOISE_4 NOISE_5 NOISE_0 NOISE_6 NOISE_0 NOISE_5 NOISE_1 NOISE_6 NOISE_7 NOISE_0 NOISE_5 NOISE_1 NOISE_4 NOISE_7 NOISE_6 NOISE_4 NOISE_7 NOISE_0 NOISE_4 NOISE_4 NOISE_2 NOISE_3 NOISE_6 NOISE_7 NOISE_5 NOISE_0 K5 VALUE_1 NOISE_2 NOISE_4 NOISE_6 NOISE_6 NOISE_3 NOISE_2 NOISE_6 NOISE_2 NOISE_4 NOISE_5 NOISE_7 K9 VALUE_0 NOISE_7 NOISE_7 K24 VALUE_0 NOISE_0 NOISE_5 NOISE_4 K18 VALUE_0 K19 VALUE_0 NOISE_5 NOISE_6 NOISE_2 NOISE_1 NOISE_6 NOISE_5 NOISE_7 NOISE_6 NOISE_6 NOISE_2 NOISE_1 NOISE_2 NOISE_4 NOISE_7 NOISE_1 NOISE_1 NOISE_0 NOISE_5 NOISE_2 NOISE_7 NOISE_3 NOISE_4 K30 VALUE_0 NOISE_3 NOISE_6 NOISE_2 NOISE_2 NOISE_2 NOISE_6 NOISE_1 NOISE_2 NOISE_4 NOISE_7 NOISE_5 NOISE_7 NOISE_4 NOISE_7 NOISE_4 NOISE_3 NOISE_1 NOISE_1 NOISE_3 NOISE_4 NOISE_1 NOISE_6 NOISE_3 NOISE_3 NOISE_7 NOISE_4 NOISE_4 NOISE_3 NOISE_5 NOISE_1 NOISE_2 NOISE_1 NOISE_1 NOISE_0 NOISE_2 NOISE_2 NOISE_2 NOISE_3 NOISE_6 NOISE_5 NOISE_3 NOISE_0 K22 VALUE_1 NOISE_0 NOISE_0 NOISE_1 NOISE_4 NOISE_6 NOISE_3 NOISE_5 NOISE_5 NOISE_0 NOISE_3 NOISE_5 NOISE_4 NOISE_6 NOISE_4 NOISE_7 NOISE_6 NOISE_0 NOISE_1 NOISE_1 NOISE_6 NOISE_1 K16 VALUE_0 NOISE_0 NOISE_0 NOISE_2 NOISE_5 NOISE_7 NOISE_7 NOISE_5 NOISE_4 NOISE_1 NOISE_2 NOISE_3 NOISE_4 NOISE_1 NOISE_4 NOISE_0 NOISE_5 NOISE_3 NOISE_7 NOISE_0 NOISE_6 NOISE_5 NOISE_1 NOISE_7 NOISE_3 NOISE_7 NOISE_3 NOISE_6 NOISE_3 NOISE_7 NOISE_6 NOISE_1 NOISE_3 NOISE_0 NOISE_4 NOISE_1 NOISE_1 NOISE_7 NOISE_2 NOISE_1 K26 VALUE_0 NOISE_1 NOISE_7 NOISE_1 NOISE_6 NOISE_3 NOISE_2 NOISE_6 NOISE_5 NOISE_1 NOISE_4 NOISE_3 K10 VALUE_1 NOISE_1 NOISE_5 Q26
35,K3,VALUE_0,128,3516,NOISE_5 NOISE_5 NOISE_7 NOISE_7 NOISE_5 NOISE_0 NOISE_5 NOISE_5 NOISE_0 NOISE_7 NOISE_6 NOISE_1 NOISE_4 NOISE_4 NOISE_6 NOISE_1 NOISE_5 NOISE_4 NOISE_0 NOISE_5 NOISE_1 NOISE_0 NOISE_3 NOISE_2 NOISE_1 NOISE_6 NOISE_4 NOISE_0 NOISE_4 NOISE_3 NOISE_2 NOISE_2 NOISE_2 NOISE_7 NOISE_1 NOISE_2 NOISE_2 NOISE_6 NOISE_4 NOISE_2 NOISE_0 NOISE_0 NOISE_3 NOISE_4 NOISE_3 NOISE_0 NOISE_7 NOISE_1 NOISE_3 NOISE_3 K23 VALUE_1 NOISE_4 NOISE_1 NOISE_1 K11 VALUE_0 NOISE_0 NOISE_1 NOISE_3 NOISE_7 NOISE_2 NOISE_4 NOISE_0 NOISE_0 NOISE_3 NOISE_6 NOISE_7 NOISE_6 NOISE_0 NOISE_6 NOISE_3 NOISE_6 K5 VALUE_1 NOISE_0 NOISE_4 K9 VALUE_0 NOISE_6 NOISE_3 NOISE_2 NOISE_3 NOISE_3 NOISE_5 NOISE_6 NOISE_2 NOISE_7 NOISE_6 NOISE_3 NOISE_3 NOISE_0 NOISE_3 NOISE_5 NOISE_1 NOISE_0 NOISE_0 NOISE_0 NOISE_0 NOISE_6 NOISE_0 K28 VALUE_1 NOISE_7 NOISE_7 NOISE_0 NOISE_2 NOISE_7 NOISE_1 NOISE_4 NOISE_0 NOISE_4 NOISE_5 NOISE_6 NOISE_3 NOISE_7 NOISE_1 NOISE_7 NOISE_1 NOISE_0 NOISE_5 NOISE_5 NOISE_5 NOISE_7 NOISE_0 K19 VALUE_1 NOISE_2 NOISE_5 NOISE_0 NOISE_2 NOISE_3 NOISE_0 NOISE_7 NOISE_2 NOISE_2 NOISE_6 NOISE_3 NOISE_7 NOISE_3 NOISE_4 NOISE_5 NOISE_5 NOISE_7 NOISE_0 NOISE_4 NOISE_4 NOISE_0 NOISE_3 NOISE_2 NOISE_1 NOISE_3 NOISE_4 NOISE_5 NOISE_3 NOISE_3 NOISE_4 NOISE_5 NOISE_1 NOISE_5 NOISE_3 NOISE_7 K18 VALUE_1 K25 VALUE_0 NOISE_1 NOISE_7 NOISE_7 NOISE_0 NOISE_7 NOISE_4 NOISE_1 NOISE_4 NOISE_2 NOISE_5 NOISE_2 NOISE_2 NOISE_3 NOISE_4 NOISE_4 NOISE_3 NOISE_1 NOISE_5 K13 VALUE_1 NOISE_2 NOISE_3 NOISE_5 NOISE_6 NOISE_1 NOISE_7 NOISE_5 K16 VALUE_1 NOISE_1 NOISE_4 NOISE_6 NOISE_2 NOISE_4 NOISE_1 NOISE_2 NOISE_2 NOISE_7 NOISE_1 NOISE_2 NOISE_4 NOISE_4 NOISE_1 NOISE_7 NOISE_7 NOISE_7 NOISE_1 NOISE_4 NOISE_6 NOISE_6 NOISE_6 NOISE_6 NOISE_6 K22 VALUE_1 NOISE_6 NOISE_4 NOISE_4 NOISE_7 NOISE_6 NOISE_5 NOISE_0 NOISE_0 NOISE_3 NOISE_5 NOISE_5 NOISE_2 NOISE_5 NOISE_3 NOISE_0 NOISE_2 NOISE_6 NOISE_4 NOISE_1 NOISE_3 NOISE_5 NOISE_3 NOISE_0 NOISE_3 NOISE_2 NOISE_7 NOISE_0 K27 VALUE_1 NOISE_0 NOISE_1 NOISE_3 NOISE_4 NOISE_3 NOISE_5 NOISE_2 NOISE_6 NOISE_3 NOISE_2 NOISE_7 NOISE_4 NOISE_5 NOISE_5 K29 VALUE_1 K30 VALUE_0 NOISE_5 NOISE_2 NOISE_3 NOISE_7 NOISE_3 NOISE_1 NOISE_5 NOISE_2 NOISE_7 NOISE_1 NOISE_2 NOISE_7 NOISE_7 NOISE_1 NOISE_0 NOISE_5 NOISE_5 NOISE_3 NOISE_7 NOISE_4 NOISE_2 NOISE_0 NOISE_0 NOISE_5 NOISE_7 NOISE_0 NOISE_6 NOISE_1 NOISE_2 NOISE_1 NOISE_3 NOISE_4 NOISE_5 NOISE_0 NOISE_5 NOISE_2 K0 VALUE_1 NOISE_5 NOISE_0 NOISE_4 NOISE_5 NOISE_4 NOISE_1 NOISE_7 NOISE_1 NOISE_4 NOISE_4 NOISE_1 NOISE_3 NOISE_7 NOISE_3 NOISE_7 NOISE_3 NOISE_1 NOISE_7 NOISE_6 NOISE_2 NOISE_1 NOISE_2 NOISE_1 NOISE_3 NOISE_3 NOISE_1 NOISE_4 NOISE_4 NOISE_6 NOISE_1 NOISE_5 NOISE_7 NOISE_3 NOISE_7 NOISE_6 NOISE_4 NOISE_7 NOISE_0 NOISE_2 NOISE_4 NOISE_7 NOISE_2 NOISE_0 NOISE_7 NOISE_7 NOISE_1 NOISE_5 NOISE_1 NOISE_0 NOISE_0 NOISE_7 NOISE_6 NOISE_2 NOISE_5 NOISE_0 NOISE_1 NOISE_3 NOISE_2 NOISE_5 NOISE_6 NOISE_3 NOISE_7 NOISE_0 NOISE_4 NOISE_3 NOISE_4 NOISE_6 NOISE_2 NOISE_2 NOISE_1 NOISE_1 NOISE_5 K1 VALUE_0 NOISE_1 NOISE_6 K3 VALUE_0 NOISE_0 NOISE_0 NOISE_5 NOISE_5 NOISE_7 NOISE_0 NOISE_5 NOISE_0 NOISE_6 NOISE_7 NOISE_0 NOISE_5 NOISE_1 NOISE_1 NOISE_7 K31 VALUE_0 K12 VALUE_0 NOISE_6 NOISE_1 NOISE_3 NOISE_5 NOISE_0 NOISE_2 NOISE_3 NOISE_0 NOISE_3 NOISE_2 NOISE_1 NOISE_6 NOISE_4 NOISE_2 NOISE_5 NOISE_4 NOISE_7 NOISE_2 NOISE_7 NOISE_1 NOISE_6 NOISE_3 NOISE_7 NOISE_7 NOISE_7 K20 VALUE_0 K2 VALUE_1 NOISE_3 NOISE_4 NOISE_2 NOISE_0 NOISE_1 NOISE_6 NOISE_6 K14 VALUE_0 NOISE_5 NOISE_1 NOISE_1 NOISE_6 NOISE_4 NOISE_1 NOISE_4 NOISE_4 NOISE_7 NOISE_1 NOISE_1 NOISE_0 NOISE_2 NOISE_0 NOISE_4 NOISE_6 NOISE_5 NOISE_7 NOISE_1 NOISE_7 NOISE_7 NOISE_0 NOISE_0 NOISE_3 NOISE_5 NOISE_2 NOISE_7 NOISE_0 NOISE_6 NOISE_5 NOISE_6 NOISE_3 NOISE_7 NOISE_6 NOISE_2 NOISE_4 NOISE_0 NOISE_4 NOISE_5 NOISE_2 NOISE_5 NOISE_3 NOISE_0 NOISE_6 NOISE_2 NOISE_1 NOISE_0 NOISE_6 NOISE_3 NOISE_4 NOISE_7 NOISE_1 K8 VALUE_0 NOISE_3 NOISE_6 NOISE_1 NOISE_3 NOISE_2 K6 VALUE_0 NOISE_7 NOISE_5 NOISE_4 NOISE_2 NOISE_0 NOISE_6 NOISE_1 NOISE_6 NOISE_2 Q3
36,K15,VALUE_1,16,907,NOISE_0 NOISE_1 NOISE_3 NOISE_5 NOISE_0 NOISE_7 NOISE_3 NOISE_7 NOISE_6 NOISE_7 NOISE_5 NOISE_6 NOISE_5 NOISE_6 NOISE_2 NOISE_7 NOISE_2 NOISE_2 NOISE_3 NOISE_7 NOISE_4 NOISE_4 NOISE_1 NOISE_6 NOISE_5 NOISE_3 NOISE_7 NOISE_4 NOISE_4 NOISE_7 NOISE_0 NOISE_0 NOISE_4 NOISE_3 NOISE_1 NOISE_2 NOISE_4 NOISE_4 NOISE_7 NOISE_6 NOISE_3 NOISE_3 NOISE_7 NOISE_3 NOISE_6 NOISE_3 NOISE_7 NOISE_2 NOISE_2 NOISE_4 NOISE_5 NOISE_3 NOISE_1 NOISE_4 NOISE_4 NOISE_3 NOISE_3 NOISE_4 NOISE_3 NOISE_0 NOISE_6 NOISE_1 NOISE_5 NOISE_5 NOISE_2 NOISE_3 NOISE_1 NOISE_0 NOISE_4 NOISE_0 NOISE_7 NOISE_0 NOISE_4 NOISE_0 NOISE_3 NOISE_5 NOISE_2 NOISE_1 NOISE_3 NOISE_2 NOISE_2 NOISE_2 NOISE_7 NOISE_7 NOISE_4 NOISE_7 K28 VALUE_0 NOISE_7 NOISE_0 NOISE_3 NOISE_3 NOISE_1 NOISE_7 NOISE_7 NOISE_5 K3 VALUE_1 NOISE_7 NOISE_6 NOISE_3 NOISE_2 NOISE_0 NOISE_2 K19 VALUE_1 NOISE_3 NOISE_2 NOISE_3 NOISE_6 NOISE_1 NOISE_4 NOISE_5 NOISE_3 NOISE_4 NOISE_7 NOISE_6 NOISE_6 NOISE_0 NOISE_3 NOISE_1 NOISE_6 NOISE_6 NOISE_2 NOISE_6 NOISE_4 NOISE_3 NOISE_6 NOISE_6 NOISE_5 NOISE_1 NOISE_6 NOISE_4 NOISE_7 NOISE_3 NOISE_5 K9 VALUE_1 NOISE_0 NOISE_3 NOISE_5 NOISE_0 NOISE_6 K31 VALUE_0 NOISE_5 NOISE_5 NOISE_2 NOISE_4 NOISE_6 NOISE_0 NOISE_5 NOISE_3 NOISE_3 NOISE_4 NOISE_5 NOISE_6 K17 VALUE_1 NOISE_1 NOISE_4 NOISE_7 K22 VALUE_0 NOISE_6 NOISE_5 K29 VALUE_1 NOISE_3 NOISE_4 NOISE_3 NOISE_5 NOISE_5 NOISE_2 NOISE_2 NOISE_6 NOISE_5 NOISE_6 K30 VALUE_0 K0 VALUE_0 NOISE_7 NOISE_3 NOISE_1 NOISE_2 NOISE_0 NOISE_6 NOISE_1 NOISE_3 NOISE_2 NOISE_3 K4 VALUE_1 NOISE_1 NOISE_3 NOISE_5 NOISE_1 NOISE_4 NOISE_7 NOISE_6 K5 VALUE_1 NOISE_3 NOISE_5 NOISE_7 NOISE_1 NOISE_4 NOISE_0 NOISE_2 NOISE_7 NOISE_1 NOISE_6 NOISE_3 NOISE_5 NOISE_0 NOISE_2 NOISE_2 NOISE_0 NOISE_2 NOISE_1 NOISE_0 NOISE_3 NOISE_2 NOISE_3 NOISE_0 NOISE_3 NOISE_1 NOISE_3 NOISE_6 NOISE_5 NOISE_7 NOISE_7 K25 VALUE_0 NOISE_0 NOISE_1 NOISE_0 NOISE_2 NOISE_3 NOISE_0 NOISE_0 NOISE_0 NOISE_5 NOISE_0 NOISE_5 NOISE_7 NOISE_0 NOISE_2 NOISE_0 NOISE_6 NOISE_7 K20 VALUE_0 NOISE_1 NOISE_3 NOISE_0 NOISE_3 NOISE_5 NOISE_6 NOISE_6 NOISE_7 NOISE_2 NOISE_1 NOISE_5 NOISE_3 NOISE_1 NOISE_0 NOISE_2 NOISE_4 NOISE_7 NOISE_0 NOISE_1 NOISE_0 NOISE_7 NOISE_0 NOISE_4 NOISE_1 NOISE_3 NOISE_7 NOISE_7 NOISE_1 NOISE_3 NOISE_0 NOISE_2 NOISE_6 NOISE_0 NOISE_6 NOISE_0 NOISE_3 NOISE_0 NOISE_3 NOISE_4 NOISE_7 NOISE_3 K7 VALUE_1 NOISE_0 NOISE_2 NOISE_3 NOISE_6 NOISE_4 NOISE_0 NOISE_4 NOISE_6 NOISE_7 NOISE_0 NOISE_3 NOISE_7 NOISE_0 NOISE_6 NOISE_1 NOISE_4 NOISE_5 NOISE_4 NOISE_4 NOISE_6 NOISE_7 NOISE_2 NOISE_3 NOISE_5 NOISE_5 NOISE_6 NOISE_3 NOISE_3 NOISE_0 NOISE_7 NOISE_6 NOISE_4 NOISE_2 NOISE_3 NOISE_4 NOISE_2 NOISE_6 NOISE_2 NOISE_4 NOISE_4 NOISE_7 NOISE_3 NOISE_1 NOISE_7 NOISE_3 NOISE_5 NOISE_1 NOISE_3 K14 VALUE_0 NOISE_3 NOISE_0 NOISE_5 NOISE_1 NOISE_5 NOISE_1 NOISE_7 NOISE_4 NOISE_2 NOISE_3 NOISE_5 NOISE_5 NOISE_6 NOISE_6 NOISE_3 NOISE_2 NOISE_4 NOISE_6 K26 VALUE_1 NOISE_0 NOISE_1 NOISE_5 NOISE_1 NOISE_3 NOISE_0 NOISE_5 NOISE_2 NOISE_6 NOISE_3 NOISE_4 NOISE_5 NOISE_6 NOISE_5 NOISE_7 NOISE_3 NOISE_6 K13 VALUE_1 NOISE_6 NOISE_1 K16 VALUE_0 NOISE_7 NOISE_2 NOISE_3 NOISE_3 NOISE_1 NOISE_1 NOISE_1 NOISE_2 NOISE_1 NOISE_6 NOISE_6 NOISE_0 K24 VALUE_1 NOISE_3 NOISE_6 NOISE_7 NOISE_6 NOISE_4 NOISE_3 NOISE_5 K12 VALUE_0 NOISE_3 NOISE_5 NOISE_0 NOISE_0 NOISE_4 NOISE_0 NOISE_0 K2 VALUE_0 NOISE_7 NOISE_4 NOISE_5 K1 VALUE_0 NOISE_4 NOISE_3 NOISE_2 NOISE_3 NOISE_3 NOISE_7 NOISE_4 NOISE_1 NOISE_5 NOISE_6 NOISE_0 NOISE_7 NOISE_1 NOISE_1 NOISE_4 NOISE_1 NOISE_1 NOISE_4 NOISE_0 NOISE_0 NOISE_6 NOISE_2 NOISE_3 NOISE_2 NOISE_7 NOISE_3 NOISE_6 NOISE_1 NOISE_3 NOISE_2 NOISE_1 NOISE_5 NOISE_0 NOISE_4 NOISE_1 NOISE_2 NOISE_0 NOISE_3 NOISE_6 NOISE_7 NOISE_3 NOISE_6 NOISE_3 NOISE_6 NOISE_1 NOISE_4 NOISE_7 NOISE_1 NOISE_5 NOISE_6 NOISE_7 NOISE_1 NOISE_7 NOISE_3 NOISE_3 NOISE_4 NOISE_3 NOISE_4 NOISE_2 NOISE_4 NOISE_1 NOISE_5 NOISE_1 NOISE_7 NOISE_3 NOISE_7 NOISE_6 K15 VALUE_1 NOISE_2 NOISE_4 NOISE_0 NOISE_3 NOISE_2 NOISE_7 NOISE_6 NOISE_5 NOISE_3 NOISE_5 NOISE_7 NOISE_5 NOISE_5 NOISE_6 NOISE_5 Q15
37,K7,VALUE_1,64,1851,NOISE_4 NOISE_0 NOISE_0 NOISE_5 NOISE_5 NOISE_6 NOISE_1 NOISE_1 K29 VALUE_1 NOISE_2 NOISE_4 NOISE_1 NOISE_2 NOISE_7 NOISE_1 NOISE_1 NOISE_0 NOISE_1 NOISE_6 NOISE_3 NOISE_7 NOISE_6 NOISE_1 NOISE_7 NOISE_0 NOISE_0 NOISE_4 NOISE_4 NOISE_1 NOISE_7 NOISE_1 NOISE_3 NOISE_4 NOISE_1 NOISE_7 NOISE_0 NOISE_4 NOISE_4 NOISE_7 NOISE_4 NOISE_6 NOISE_4 NOISE_6 NOISE_1 NOISE_3 NOISE_5 NOISE_5 NOISE_5 NOISE_1 NOISE_2 NOISE_5 NOISE_1 NOISE_5 NOISE_6 NOISE_1 NOISE_3 NOISE_3 NOISE_6 NOISE_7 NOISE_1 NOISE_0 K31 VALUE_1 NOISE_4 NOISE_7 NOISE_1 NOISE_7 NOISE_5 NOISE_7 NOISE_4 NOISE_3 NOISE_5 NOISE_2 NOISE_5 NOISE_7 NOISE_4 NOISE_0 NOISE_0 NOISE_3 NOISE_6 NOISE_0 NOISE_6 NOISE_3 NOISE_4 NOISE_3 NOISE_1 NOISE_0 NOISE_1 NOISE_4 K24 VALUE_0 NOISE_1 NOISE_3 NOISE_2 NOISE_1 NOISE_4 NOISE_0 NOISE_1 NOISE_4 NOISE_2 NOISE_1 NOISE_5 NOISE_6 NOISE_6 K23 VALUE_1 NOISE_2 NOISE_1 NOISE_1 NOISE_6 NOISE_0 NOISE_3 NOISE_6 NOISE_4 NOISE_0 NOISE_0 NOISE_3 NOISE_5 NOISE_0 NOISE_5 K13 VALUE_0 NOISE_0 NOISE_5 NOISE_5 K17 VALUE_0 NOISE_3 NOISE_1 NOISE_2 NOISE_0 NOISE_4 NOISE_7 NOISE_0 NOISE_1 NOISE_1 NOISE_2 NOISE_0 NOISE_5 K27 VALUE_0 NOISE_1 NOISE_5 NOISE_7 NOISE_5 NOISE_6 NOISE_6 NOISE_3 NOISE_3 NOISE_7 K1 VALUE_0 NOISE_1 NOISE_7 NOISE_3 NOISE_1 NOISE_2 NOISE_0 NOISE_1 NOISE_0 NOISE_2 NOISE_1 NOISE_3 NOISE_5 NOISE_5 NOISE_1 NOISE_5 K5 VALUE_1 NOISE_1 NOISE_0 NOISE_7 NOISE_2 NOISE_3 NOISE_5 NOISE_7 NOISE_6 NOISE_1 NOISE_3 NOISE_7 NOISE_3 NOISE_0 NOISE_4 NOISE_0 K21 VALUE_0 NOISE_6 NOISE_7 NOISE_4 NOISE_1 NOISE_1 NOISE_6 NOISE_2 NOISE_6 NOISE_3 NOISE_3 NOISE_1 NOISE_6 NOISE_6 NOISE_0 NOISE_6 NOISE_4 NOISE_1 NOISE_3 NOISE_0 NOISE_4 NOISE_5 NOISE_1 K19 VALUE_0 NOISE_3 NOISE_1 NOISE_7 NOISE_4 K12 VALUE_1 NOISE_1 NOISE_7 NOISE_3 NOISE_5 NOISE_1 NOISE_6 NOISE_6 NOISE_7 NOISE_1 NOISE_1 NOISE_2 K9 VALUE_0 NOISE_5 NOISE_0 NOISE_2 NOISE_2 NOISE_0 NOISE_3 NOISE_1 NOISE_5 NOISE_6 NOISE_7 NOISE_7 NOISE_2 NOISE_4 NOISE_0 NOISE_0 NOISE_4 K4 VALUE_1 NOISE_2 NOISE_4 NOISE_1 K15 VALUE_0 NOISE_1 NOISE_6 NOISE_7 NOISE_7 NOISE_2 NOISE_3 NOISE_5 NOISE_1 NOISE_6 NOISE_0 NOISE_0 NOISE_6 NOISE_7 NOISE_5 NOISE_4 NOISE_4 NOISE_7 NOISE_3 K8 VALUE_0 NOISE_6 NOISE_0 NOISE_3 NOISE_6 NOISE_4 NOISE_4 NOISE_7 NOISE_4 NOISE_0 NOISE_2 NOISE_7 NOISE_1 NOISE_6 NOISE_6 NOISE_3 NOISE_0 NOISE_3 NOISE_7 NOISE_1 NOISE_6 NOISE_7 K2 VALUE_0 NOISE_3 NOISE_5 NOISE_6 NOISE_1 NOISE_0 NOISE_4 NOISE_6 K18 VALUE_1 NOISE_3 NOISE_5 NOISE_5 NOISE_1 NOISE_5 NOISE_2 NOISE_5 NOISE_6 NOISE_6 NOISE_6 NOISE_5 K0 VALUE_1 NOISE_5 NOISE_1 NOISE_6 NOISE_6 NOISE_6 NOISE_6 NOISE_7 NOISE_0 NOISE_3 NOISE_4 NOISE_7 NOISE_3 NOISE_4 NOISE_7 NOISE_4 NOISE_2 NOISE_3 K20 VALUE_1 NOISE_3 NOISE_1 NOISE_4 NOISE_4 NOISE_5 NOISE_6 NOISE_1 NOISE_7 NOISE_0 NOISE_7 K25 VALUE_1 NOISE_6 NOISE_3 NOISE_3 NOISE_6 NOISE_3 NOISE_2 NOISE_3 NOISE_7 NOISE_5 NOISE_3 NOISE_3 NOISE_2 NOISE_0 K16 VALUE_0 NOISE_0 NOISE_1 NOISE_6 NOISE_4 NOISE_7 NOISE_6 NOISE_6 NOISE_1 NOISE_0 NOISE_3 NOISE_5 NOISE_5 NOISE_7 NOISE_1 NOISE_5 NOISE_5 NOISE_1 NOISE_6 NOISE_4 NOISE_7 NOISE_2 NOISE_0 NOISE_7 NOISE_2 NOISE_0 NOISE_5 NOISE_7 NOISE_4 NOISE_2 NOISE_7 NOISE_1 NOISE_0 NOISE_4 NOISE_3 NOISE_2 NOISE_1 NOISE_2 NOISE_2 NOISE_2 NOISE_6 NOISE_2 NOISE_0 NOISE_1 K11 VALUE_1 NOISE_7 NOISE_4 NOISE_4 NOISE_3 NOISE_2 NOISE_3 NOISE_5 NOISE_6 NOISE_7 NOISE_0 NOISE_6 NOISE_6 NOISE_2 NOISE_6 NOISE_0 NOISE_2 NOISE_4 NOISE_2 NOISE_4 NOISE_3 NOISE_3 NOISE_6 NOISE_6 NOISE_2 NOISE_1 NOISE_7 NOISE_0 NOISE_4 NOISE_5 NOISE_7 NOISE_6 NOISE_5 NOISE_0 NOISE_7 NOISE_1 NOISE_2 NOISE_5 K7 VALUE_1 NOISE_2 NOISE_2 NOISE_0 NOISE_0 NOISE_7 NOISE_0 NOISE_1 NOISE_4 NOISE_1 NOISE_0 NOISE_0 NOISE_0 NOISE_7 NOISE_6 NOISE_2 NOISE_6 NOISE_1 NOISE_0 NOISE_0 NOISE_6 NOISE_4 NOISE_2 NOISE_2 NOISE_6 NOISE_5 NOISE_6 NOISE_5 NOISE_1 NOISE_6 NOISE_7 NOISE_1 NOISE_1 NOISE_3 NOISE_7 NOISE_6 NOISE_7 NOISE_7 NOISE_3 NOISE_4 NOISE_6 NOISE_4 NOISE_0 NOISE_0 NOISE_7 NOISE_7 NOISE_2 NOISE_4 NOISE_5 NOISE_2 NOISE_2 NOISE_0 NOISE_0 NOISE_2 NOISE_2 NOISE_1 NOISE_3 NOISE_1 NOISE_0 NOISE_0 NOISE_7 NOISE_0 NOISE_7 NOISE_4 Q7
38,K5,VALUE_0,128,3808,NOISE_4 NOISE_3 NOISE_3 NOISE_1 NOISE_1 K0 VALUE_1 NOISE_1 NOISE_1 NOISE_6 NOISE_7 NOISE_3 NOISE_6 NOISE_6 NOISE_5 NOISE_7 NOISE_5 K2 VALUE_0 NOISE_3 NOISE_0 NOISE_6 NOISE_0 NOISE_2 K30 VALUE_0 NOISE_7 NOISE_2 NOISE_1 NOISE_1 NOISE_3 NOISE_3 NOISE_2 NOISE_6 NOISE_4 NOISE_1 NOISE_1 K4 VALUE_0 NOISE_6 NOISE_0 NOISE_5 NOISE_1 NOISE_3 NOISE_0 NOISE_6 NOISE_3 NOISE_1 NOISE_2 NOISE_6 NOISE_0 NOISE_2 NOISE_2 NOISE_1 NOISE_4 NOISE_1 NOISE_3 NOISE_4 NOISE_0 NOISE_7 NOISE_3 NOISE_7 NOISE_0 NOISE_6 NOISE_4 NOISE_4 NOISE_6 NOISE_5 NOISE_5 NOISE_4 NOISE_0 NOISE_1 NOISE_3 NOISE_4 NOISE_6 NOISE_0 NOISE_5 NOISE_0 NOISE_7 NOISE_1 NOISE_0 NOISE_4 NOISE_1 NOISE_6 NOISE_2 NOISE_4 NOISE_7 NOISE_1 NOISE_2 NOISE_5 NOISE_6 NOISE_7 NOISE_6 NOISE_0 NOISE_6 NOISE_3 NOISE_7 NOISE_0 NOISE_3 NOISE_6 NOISE_0 NOISE_2 NOISE_7 NOISE_5 NOISE_3 NOISE_3 K16 VALUE_0 NOISE_7 NOISE_3 NOISE_1 K24 VALUE_1 NOISE_0 NOISE_0 NOISE_4 K14 VALUE_1 NOISE_6 NOISE_7 NOISE_0 NOISE_6 NOISE_7 K3 VALUE_1 NOISE_5 K28 VALUE_0 NOISE_2 NOISE_7 NOISE_0 NOISE_2 NOISE_6 NOISE_0 NOISE_1 NOISE_5 NOISE_2 NOISE_6 NOISE_5 NOISE_2 NOISE_3 NOISE_1 NOISE_0 K23 VALUE_1 NOISE_5 NOISE_4 NOISE_6 NOISE_7 NOISE_7 NOISE_7 NOISE_7 NOISE_4 NOISE_4 NOISE_4 NOISE_6 NOISE_7 NOISE_5 NOISE_2 NOISE_2 NOISE_4 NOISE_5 NOISE_5 NOISE_6 NOISE_1 NOISE_1 NOISE_3 NOISE_5 NOISE_5 NOISE_7 NOISE_3 NOISE_0 NOISE_0 NOISE_2 NOISE_7 NOISE_2 NOISE_5 NOISE_3 NOISE_7 NOISE_0 NOISE_1 NOISE_2 NOISE_0 NOISE_3 NOISE_5 NOISE_4 NOISE_6 NOISE_2 NOISE_1 NOISE_4 NOISE_2 NOISE_6 NOISE_2 K18 VALUE_1 NOISE_3 NOISE_3 NOISE_4 NOISE_0 NOISE_6 NOISE_1 NOISE_3 NOISE_7 NOISE_3 NOISE_2 NOISE_2 NOISE_6 K29 VALUE_1 NOISE_2 NOISE_1 NOISE_1 NOISE_1 NOISE_4 NOISE_4 NOISE_2 NOISE_4 NOISE_6 NOISE_7 NOISE_4 NOISE_0 NOISE_7 NOISE_6 NOISE_1 NOISE_1 NOISE_1 NOISE_2 NOISE_5 NOISE_1 NOISE_0 NOISE_3 NOISE_5 NOISE_6 NOISE_7 NOISE_6 NOISE_2 NOISE_1 NOISE_4 NOISE_1 NOISE_0 NOISE_6 NOISE_6 NOISE_6 NOISE_4 NOISE_7 NOISE_0 NOISE_0 NOISE_2 NOISE_7 NOISE_1 NOISE_5 NOISE_1 NOISE_4 NOISE_6 NOISE_4 K8 VALUE_1 NOISE_1 NOISE_0 NOISE_0 NOISE_7 NOISE_1 NOISE_0 NOISE_3 K25 VALUE_1 NOISE_5 NOISE_6 NOISE_6 NOISE_2 NOISE_4 NOISE_1 NOISE_6 NOISE_6 NOISE_5 NOISE_3 NOISE_3 NOISE_5 NOISE_3 NOISE_2 NOISE_0 NOISE_7 NOISE_6 NOISE_3 NOISE_1 NOISE_7 NOISE_7 K15 VALUE_0 K1 VALUE_0 NOISE_5 NOISE_7 NOISE_5 NOISE_1 NOISE_0 NOISE_5 NOISE_5 NOISE_6 NOISE_2 NOISE_3 NOISE_0 NOISE_2 NOISE_2 NOISE_4 NOISE_0 NOISE_5 NOISE_2 NOISE_5 NOISE_1 NOISE_5 NOISE_6 NOISE_3 NOISE_3 NOISE_4 NOISE_2 NOISE_2 NOISE_4 NOISE_5 NOISE_7 NOISE_7 NOISE_4 NOISE_6 NOISE_5 NOISE_3 NOISE_0 NOISE_1 NOISE_0 NOISE_1 NOISE_2 NOISE_4 NOISE_4 NOISE_5 NOISE_5 NOISE_5 NOISE_5 NOISE_1 NOISE_5 NOISE_3 NOISE_4 NOISE_1 NOISE_0 NOISE_5 NOISE_1 NOISE_2 NOISE_2 NOISE_1 NOISE_2 NOISE_0 NOISE_7 NOISE_3 NOISE_0 NOISE_3 NOISE_1 NOISE_1 NOISE_2 NOISE_2 NOISE_0 NOISE_0 NOISE_5 NOISE_5 NOISE_6 NOISE_6 NOISE_3 NOISE_1 NOISE_0 NOISE_7 NOISE_7 NOISE_0 NOISE_7 NOISE_3 NOISE_6 NOISE_4 NOISE_2 NOISE_5 NOISE_5 NOISE_5 NOISE_0 NOISE_5 NOISE_4 NOISE_3 NOISE_2 K5 VALUE_0 K27 VALUE_1 NOISE_6 NOISE_3 NOISE_2 NOISE_2 NOISE_0 NOISE_7 NOISE_2 NOISE_0 NOISE_7 NOISE_3 NOISE_5 NOISE_6 NOISE_4 NOISE_7 NOISE_4 NOISE_2 K9 VALUE_1 K26 VALUE_0 NOISE_0 NOISE_6 NOISE_6 NOISE_5 NOISE_3 NOISE_3 NOISE_3 NOISE_4 NOISE_3 NOISE_7 NOISE_2 NOISE_5 NOISE_0 NOISE_2 NOISE_1 NOISE_4 NOISE_7 NOISE_4 NOISE_3 K31 VALUE_0 NOISE_5 NOISE_1 NOISE_4 NOISE_4 NOISE_7 NOISE_1 NOISE_3 NOISE_1 NOISE_0 NOISE_7 K12 VALUE_0 NOISE_3 NOISE_2 NOISE_1 NOISE_7 NOISE_1 NOISE_7 NOISE_6 K11 VALUE_0 NOISE_6 NOISE_0 NOISE_0 NOISE_4 NOISE_2 NOISE_1 NOISE_5 NOISE_0 NOISE_1 NOISE_2 NOISE_1 NOISE_2 NOISE_2 NOISE_0 NOISE_7 NOISE_2 NOISE_5 NOISE_2 NOISE_7 NOISE_1 NOISE_3 NOISE_3 NOISE_3 NOISE_6 NOISE_5 NOISE_7 NOISE_4 NOISE_6 NOISE_0 NOISE_3 NOISE_0 NOISE_6 NOISE_3 NOISE_3 NOISE_0 NOISE_1 NOISE_7 NOISE_4 NOISE_2 NOISE_6 NOISE_0 NOISE_4 NOISE_1 NOISE_2 K20 VALUE_1 NOISE_0 NOISE_3 NOISE_7 NOISE_3 NOISE_4 NOISE_2 NOISE_7 NOISE_4 NOISE_2 NOISE_7 NOISE_3 NOISE_6 NOISE_2 NOISE_2 NOISE_4 NOISE_0 NOISE_2 Q5
39,K26,VALUE_0,16,854,NOISE_6 NOISE_5 NOISE_2 NOISE_3 NOISE_2 NOISE_3 NOISE_6 NOISE_7 NOISE_3 NOISE_6 K1 VALUE_0 NOISE_4 NOISE_6 NOISE_2 NOISE_3 NOISE_0 NOISE_5 NOISE_4 NOISE_7 NOISE_6 NOISE_7 NOISE_5 NOISE_2 NOISE_7 NOISE_1 NOISE_0 NOISE_1 NOISE_3 K5 VALUE_1 NOISE_7 NOISE_6 NOISE_0 NOISE_7 NOISE_0 NOISE_3 NOISE_3 K16 VALUE_1 NOISE_0 NOISE_3 NOISE_5 NOISE_7 NOISE_5 NOISE_2 NOISE_4 NOISE_0 K4 VALUE_0 NOISE_4 K2 VALUE_0 NOISE_4 NOISE_7 NOISE_1 NOISE_7 NOISE_0 NOISE_6 NOISE_6 NOISE_5 NOISE_0 NOISE_2 NOISE_7 NOISE_5 NOISE_7 NOISE_3 NOISE_1 NOISE_2 NOISE_2 NOISE_2 NOISE_4 NOISE_7 NOISE_6 NOISE_6 NOISE_6 NOISE_4 NOISE_6 NOISE_1 NOISE_7 NOISE_3 NOISE_4 NOISE_2 NOISE_0 NOISE_5 NOISE_6 NOISE_2 NOISE_3 NOISE_3 NOISE_2 NOISE_4 NOISE_5 NOISE_5 NOISE_1 NOISE_5 NOISE_5 NOISE_7 NOISE_3 NOISE_2 NOISE_0 NOISE_4 NOISE_0 NOISE_1 NOISE_1 NOISE_0 NOISE_5 NOISE_3 NOISE_4 NOISE_5 NOISE_0 NOISE_1 NOISE_5 NOISE_7 NOISE_7 NOISE_2 NOISE_4 NOISE_0 NOISE_0 NOISE_2 NOISE_1 NOISE_1 NOISE_0 NOISE_5 NOISE_6 NOISE_5 NOISE_5 NOISE_3 NOISE_2 NOISE_3 K17 VALUE_1 NOISE_7 K9 VALUE_1 NOISE_0 NOISE_0 NOISE_3 NOISE_6 NOISE_2 NOISE_7 NOISE_4 NOISE_2 NOISE_2 NOISE_6 NOISE_6 NOISE_5 NOISE_6 NOISE_5 NOISE_2 NOISE_7 NOISE_3 K19 VALUE_1 NOISE_5 NOISE_1 NOISE_6 NOISE_6 NOISE_3 NOISE_6 NOISE_0 NOISE_3 NOISE_7 NOISE_2 NOISE_4 NOISE_4 K21 VALUE_1 NOISE_7 NOISE_7 NOISE_2 NOISE_2 NOISE_1 NOISE_1 NOISE_1 NOISE_1 NOISE_5 NOISE_7 NOISE_5 NOISE_7 NOISE_2 NOISE_7 NOISE_3 NOISE_0 NOISE_5 NOISE_6 NOISE_5 NOISE_3 NOISE_2 NOISE_5 NOISE_5 NOISE_3 NOISE_6 K23 VALUE_1 NOISE_4 NOISE_6 NOISE_1 K8 VALUE_1 NOISE_2 NOISE_1 NOISE_0 NOISE_3 K12 VALUE_0 NOISE_2 NOISE_2 NOISE_2 NOISE_5 NOISE_5 NOISE_6 NOISE_5 NOISE_1 NOISE_5 NOISE_5 NOISE_2 NOISE_3 NOISE_1 NOISE_0 NOISE_7 NOISE_0 NOISE_3 NOISE_6 NOISE_4 NOISE_4 NOISE_4 NOISE_4 NOISE_5 NOISE_7 NOISE_2 NOISE_5 NOISE_4 NOISE_6 NOISE_6 NOISE_0 NOISE_4 NOISE_7 NOISE_6 NOISE_1 NOISE_1 NOISE_2 NOISE_1 NOISE_7 NOISE_7 NOISE_4 NOISE_6 NOISE_0 NOISE_0 NOISE_2 NOISE_0 NOISE_5 NOISE_0 NOISE_5 NOISE_2 NOISE_1 NOISE_6 NOISE_3 NOISE_2 NOISE_6 K14 VALUE_0 NOISE_5 K24 VALUE_0 NOISE_2 NOISE_5 NOISE_6 NOISE_1 NOISE_2 NOISE_3 NOISE_6 NOISE_7 NOISE_1 NOISE_3 NOISE_1 NOISE_3 NOISE_2 NOISE_3 NOISE_4 NOISE_0 NOISE_5 NOISE_0 NOISE_3 NOISE_3 NOISE_5 NOISE_1 NOISE_5 NOISE_7 NOISE_2 NOISE_6 NOISE_1 K18 VALUE_0 NOISE_2 K20 VALUE_0 NOISE_0 NOISE_6 NOISE_0 NOISE_1 NOISE_2 NOISE_5 NOISE_5 NOISE_4 NOISE_1 NOISE_7 NOISE_5 NOISE_1 NOISE_2 NOISE_4 NOISE_2 NOISE_4 NOISE_0 NOISE_3 NOISE_1 NOISE_7 NOISE_4 NOISE_4 NOISE_6 NOISE_0 NOISE_2 NOISE_0 NOISE_2 NOISE_5 NOISE_4 NOISE_4 NOISE_5 NOISE_1 NOISE_5 NOISE_6 NOISE_3 NOISE_6 NOISE_2 NOISE_3 NOISE_0 NOISE_7 NOISE_6 NOISE_3 NOISE_7 NOISE_3 NOISE_2 NOISE_2 NOISE_0 NOISE_2 NOISE_7 NOISE_7 NOISE_7 NOISE_3 NOISE_1 NOISE_6 NOISE_4 NOISE_5 K28 VALUE_1 NOISE_7 NOISE_4 NOISE_0 NOISE_3 NOISE_7 NOISE_3 NOISE_3 NOISE_2 NOISE_6 NOISE_0 NOISE_5 NOISE_0 NOISE_3 NOISE_0 NOISE_6 NOISE_7 NOISE_4 NOISE_4 NOISE_6 NOISE_2 NOISE_6 NOISE_7 NOISE_6 NOISE_5 NOISE_6 NOISE_3 NOISE_1 K6 VALUE_0 NOISE_1 NOISE_1 NOISE_1 NOISE_5 NOISE_4 NOISE_1 NOISE_4 NOISE_3 NOISE_4 NOISE_1 NOISE_0 NOISE_3 NOISE_1 NOISE_0 NOISE_5 NOISE_2 NOISE_7 NOISE_7 NOISE_0 NOISE_7 NOISE_6 NOISE_0 NOISE_6 NOISE_0 NOISE_0 NOISE_4 NOISE_2 NOISE_5 NOISE_5 NOISE_3 NOISE_7 NOISE_5 NOISE_4 NOISE_4 NOISE_6 K31 VALUE_1 NOISE_1 NOISE_3 NOISE_0 NOISE_3 NOISE_1 NOISE_4 NOISE_5 NOISE_5 NOISE_7 NOISE_0 NOISE_3 NOISE_7 NOISE_0 NOISE_1 NOISE_7 NOISE_4 NOISE_7 NOISE_0 NOISE_3 NOISE_0 NOISE_3 NOISE_5 NOISE_5 NOISE_7 NOISE_3 NOISE_4 NOISE_7 NOISE_3 NOISE_4 NOISE_3 NOISE_2 NOISE_3 NOISE_5 NOISE_4 NOISE_6 NOISE_3 K11 VALUE_0 NOISE_3 NOISE_2 NOISE_1 NOISE_5 NOISE_2 NOISE_6 NOISE_0 NOISE_4 K25 VALUE_0 NOISE_1 NOISE_5 NOISE_6 NOISE_3 NOISE_2 NOISE_1 K27 VALUE_1 NOISE_7 NOISE_5 NOISE_5 NOISE_7 NOISE_0 NOISE_4 NOISE_7 NOISE_4 NOISE_5 NOISE_7 NOISE_2 NOISE_4 NOISE_1 NOISE_2 NOISE_2 NOISE_0 NOISE_5 NOISE_1 K26 VALUE_0 NOISE_5 NOISE_6 NOISE_2 NOISE_3 NOISE_2 NOISE_2 NOISE_6 K22 VALUE_1 NOISE_0 NOISE_3 NOISE_7 NOISE_2 NOISE_6 NOISE_6 Q26
40,K27,VALUE_0,128,3661,NOISE_4 NOISE_6 NOISE_0 NOISE_2 NOISE_3 NOISE_4 NOISE_3 NOISE_3 NOISE_5 NOISE_4 NOISE_0 NOISE_0 NOISE_4 NOISE_3 K20 VALUE_0 NOISE_2 NOISE_5 NOISE_2 NOISE_1 NOISE_6 NOISE_1 NOISE_6 NOISE_0 NOISE_1 NOISE_5 NOISE_6 NOISE_3 NOISE_3 K17 VALUE_0 NOISE_5 NOISE_3 NOISE_2 NOISE_3 NOISE_4 NOISE_4 NOISE_2 NOISE_7 NOISE_5 NOISE_4 NOISE_3 NOISE_0 NOISE_5 NOISE_6 NOISE_1 NOISE_2 NOISE_1 K7 VALUE_1 NOISE_4 NOISE_1 NOISE_6 NOISE_5 NOISE_0 NOISE_5 NOISE_3 NOISE_7 NOISE_0 NOISE_4 NOISE_0 NOISE_4 NOISE_1 NOISE_0 NOISE_5 NOISE_7 NOISE_2 NOISE_2 NOISE_5 NOISE_5 NOISE_6 NOISE_3 NOISE_1 NOISE_3 NOISE_6 NOISE_5 NOISE_3 NOISE_1 NOISE_5 NOISE_4 NOISE_7 K9 VALUE_1 K29 VALUE_1 NOISE_0 NOISE_0 NOISE_2 NOISE_2 NOISE_2 NOISE_3 NOISE_6 NOISE_6 NOISE_5 NOISE_6 NOISE_0 NOISE_4 NOISE_7 NOISE_4 NOISE_4 NOISE_1 K25 VALUE_1 NOISE_2 NOISE_2 NOISE_3 NOISE_7 NOISE_5 NOISE_6 K15 VALUE_1 NOISE_0 NOISE_3 NOISE_5 NOISE_1 NOISE_6 NOISE_1 NOISE_2 NOISE_0 NOISE_2 NOISE_1 NOISE_1 NOISE_6 NOISE_0 NOISE_2 NOISE_0 NOISE_2 NOISE_3 NOISE_2 NOISE_4 NOISE_2 NOISE_3 NOISE_4 NOISE_4 NOISE_7 NOISE_5 NOISE_3 NOISE_6 NOISE_2 NOISE_1 NOISE_7 NOISE_1 NOISE_4 NOISE_1 NOISE_6 NOISE_0 K1 VALUE_1 NOISE_7 NOISE_6 NOISE_3 NOISE_5 NOISE_6 NOISE_2 NOISE_7 NOISE_7 NOISE_6 NOISE_2 NOISE_5 NOISE_7 NOISE_2 NOISE_3 NOISE_3 K18 VALUE_0 NOISE_3 NOISE_6 NOISE_6 NOISE_0 NOISE_1 NOISE_2 NOISE_0 NOISE_0 NOISE_7 NOISE_2 NOISE_6 NOISE_2 NOISE_5 NOISE_3 NOISE_1 NOISE_0 NOISE_1 NOISE_6 NOISE_7 NOISE_0 NOISE_1 NOISE_1 NOISE_5 NOISE_7 NOISE_1 NOISE_4 NOISE_4 NOISE_6 NOISE_3 K3 VALUE_0 NOISE_4 NOISE_3 NOISE_0 NOISE_5 NOISE_4 NOISE_2 NOISE_5 NOISE_4 NOISE_1 NOISE_2 NOISE_6 NOISE_3 NOISE_3 NOISE_4 NOISE_5 NOISE_5 NOISE_4 NOISE_6 NOISE_2 NOISE_6 NOISE_1 NOISE_3 NOISE_7 NOISE_3 NOISE_1 NOISE_7 NOISE_4 NOISE_5 NOISE_0 NOISE_1 NOISE_5 NOISE_5 K11 VALUE_0 NOISE_0 NOISE_5 NOISE_3 NOISE_1 NOISE_5 K0 VALUE_1 NOISE_1 NOISE_5 NOISE_0 NOISE_7 NOISE_1 NOISE_3 NOISE_2 NOISE_2 NOISE_6 NOISE_1 NOISE_5 NOISE_5 NOISE_7 NOISE_0 NOISE_6 NOISE_4 NOISE_1 NOISE_2 NOISE_5 K31 VALUE_1 NOISE_1 NOISE_7 NOISE_0 NOISE_0 NOISE_7 NOISE_2 NOISE_6 NOISE_5 NOISE_5 NOISE_6 NOISE_0 NOISE_2 NOISE_6 NOISE_1 NOISE_4 NOISE_3 K8 VALUE_0 NOISE_6 NOISE_3 NOISE_1 NOISE_3 NOISE_5 NOISE_7 NOISE_4 NOISE_4 NOISE_7 NOISE_3 K22 VALUE_0 NOISE_5 NOISE_7 NOISE_0 NOISE_5 NOISE_6 NOISE_3 NOISE_5 NOISE_1 NOISE_1 NOISE_0 NOISE_6 NOISE_3 NOISE_1 NOISE_5 NOISE_3 NOISE_7 NOISE_2 NOISE_2 NOISE_0 NOISE_0 NOISE_3 NOISE_2 NOISE_1 NOISE_7 K13 VALUE_1 NOISE_0 NOISE_0 NOISE_4 NOISE_0 NOISE_4 NOISE_6 NOISE_2 NOISE_7 NOISE_1 NOISE_2 NOISE_4 NOISE_7 NOISE_2 NOISE_0 NOISE_5 NOISE_7 NOISE_3 NOISE_6 NOISE_7 NOISE_2 NOISE_5 NOISE_0 NOISE_4 NOISE_0 NOISE_1 NOISE_2 NOISE_2 NOISE_4 NOISE_1 NOISE_7 NOISE_6 NOISE_1 NOISE_5 NOISE_0 NOISE_5 NOISE_3 NOISE_5 NOISE_1 NOISE_4 NOISE_2 NOISE_7 NOISE_1 K21 VALUE_0 NOISE_1 NOISE_0 NOISE_5 NOISE_3 NOISE_3 NOISE_7 NOISE_0 NOISE_6 NOISE_3 NOISE_7 NOISE_1 NOISE_6 NOISE_5 NOISE_2 NOISE_4 NOISE_5 NOISE_1 NOISE_5 NOISE_7 NOISE_6 NOISE_0 NOISE_4 NOISE_5 NOISE_6 K27 VALUE_0 NOISE_6 NOISE_5 NOISE_3 NOISE_2 NOISE_4 K24 VALUE_1 NOISE_1 NOISE_6 NOISE_6 NOISE_5 NOISE_0 NOISE_5 NOISE_3 NOISE_7 NOISE_7 NOISE_7 NOISE_7 NOISE_4 NOISE_6 NOISE_5 NOISE_4 NOISE_4 NOISE_5 NOISE_1 NOISE_6 NOISE_5 NOISE_2 NOISE_0 NOISE_0 NOISE_4 NOISE_7 NOISE_1 NOISE_2 NOISE_6 NOISE_4 NOISE_3 NOISE_2 NOISE_5 K26 VALUE_0 NOISE_6 NOISE_3 NOISE_6 NOISE_7 NOISE_4 NOISE_1 NOISE_5 NOISE_7 NOISE_6 NOISE_3 NOISE_1 NOISE_7 NOISE_7 NOISE_0 NOISE_7 NOISE_7 NOISE_5 NOISE_5 NOISE_3 NOISE_3 NOISE_1 NOISE_2 NOISE_0 K2 VALUE_1 NOISE_0 NOISE_1 NOISE_3 NOISE_2 NOISE_6 NOISE_2 NOISE_0 NOISE_0 NOISE_0 NOISE_4 K6 VALUE_0 NOISE_4 NOISE_0 NOISE_6 NOISE_5 NOISE_7 NOISE_3 NOISE_6 NOISE_7 NOISE_7 NOISE_7 NOISE_7 NOISE_5 NOISE_4 NOISE_4 NOISE_4 NOISE_5 NOISE_0 K19 VALUE_0 NOISE_1 NOISE_4 NOISE_7 NOISE_5 NOISE_1 NOISE_7 NOISE_1 NOISE_2 NOISE_7 NOISE_4 NOISE_3 NOISE_7 NOISE_6 NOISE_6 NOISE_0 NOISE_6 NOISE_3 NOISE_0 NOISE_7 NOISE_4 NOISE_3 NOISE_2 NOISE_6 NOISE_2 K14 VALUE_1 NOISE_0 NOISE_5 NOISE_4 NOISE_3 Q27
41,K10,VALUE_1,256,4246,NOISE_3 NOISE_4 NOISE_3 NOISE_3 NOISE_5 NOISE_1 NOISE_4 NOISE_2 NOISE_1 NOISE_4 NOISE_5 NOISE_3 NOISE_4 NOISE_5 NOISE_1 NOISE_0 NOISE_2 NOISE_7 NOISE_3 NOISE_6 NOISE_7 NOISE_5 NOISE_0 NOISE_3 NOISE_4 NOISE_1 NOISE_1 NOISE_1 NOISE_7 NOISE_1 NOISE_6 NOISE_0 NOISE_0 NOISE_0 NOISE_4 NOISE_2 NOISE_7 K4 VALUE_0 NOISE_0 NOISE_5 NOISE_6 NOISE_4 NOISE_5 NOISE_7 NOISE_1 NOISE_3 NOISE_7 NOISE_2 K3 VALUE_1 NOISE_0 NOISE_6 NOISE_5 NOISE_1 NOISE_2 NOISE_1 NOISE_4 NOISE_2 NOISE_5 NOISE_2 NOISE_1 NOISE_5 NOISE_4 NOISE_0 NOISE_6 NOISE_6 NOISE_5 NOISE_4 NOISE_0 NOISE_6 NOISE_6 NOISE_1 K20 VALUE_1 NOISE_7 NOISE_4 NOISE_6 NOISE_2 NOISE_4 NOISE_1 NOISE_4 K1 VALUE_0 NOISE_4 NOISE_5 NOISE_7 NOISE_6 NOISE_1 NOISE_7 NOISE_6 NOISE_6 NOISE_1 NOISE_7 K29 VALUE_1 NOISE_5 NOISE_2 NOISE_0 NOISE_0 NOISE_6 NOISE_2 NOISE_3 NOISE_2 NOISE_5 NOISE_3 NOISE_6 NOISE_3 NOISE_6 NOISE_0 NOISE_3 NOISE_1 NOISE_0 NOISE_1 NOISE_1 NOISE_5 NOISE_0 NOISE_3 NOISE_3 NOISE_6 NOISE_7 NOISE_4 NOISE_3 NOISE_4 NOISE_0 NOISE_6 NOISE_5 NOISE_7 NOISE_1 NOISE_2 NOISE_2 NOISE_6 NOISE_0 NOISE_2 NOISE_5 NOISE_3 NOISE_7 NOISE_3 NOISE_7 NOISE_3 NOISE_3 NOISE_7 NOISE_5 NOISE_0 NOISE_0 NOISE_1 NOISE_4 NOISE_1 NOISE_1 NOISE_5 NOISE_4 NOISE_6 NOISE_0 NOISE_4 NOISE_5 NOISE_2 NOISE_0 NOISE_1 NOISE_6 NOISE_3 NOISE_0 NOISE_1 K27 VALUE_1 NOISE_4 NOISE_4 NOISE_6 K8 VALUE_0 NOISE_2 NOISE_3 NOISE_4 NOISE_4 NOISE_3 NOISE_5 NOISE_2 NOISE_7 NOISE_6 NOISE_7 NOISE_7 NOISE_0 NOISE_6 NOISE_2 NOISE_1 NOISE_0 NOISE_5 NOISE_4 NOISE_2 NOISE_7 K16 VALUE_1 NOISE_5 NOISE_6 NOISE_3 NOISE_6 NOISE_1 NOISE_4 NOISE_1 NOISE_4 NOISE_0 NOISE_5 NOISE_3 NOISE_4 NOISE_2 NOISE_7 NOISE_5 NOISE_5 NOISE_3 K7 VALUE_1 NOISE_7 K26 VALUE_0 K6 VALUE_1 NOISE_6 K18 VALUE_1 NOISE_1 NOISE_0 NOISE_1 NOISE_4 NOISE_1 NOISE_6 NOISE_6 NOISE_2 NOISE_1 NOISE_1 NOISE_7 NOISE_3 NOISE_0 NOISE_7 NOISE_4 NOISE_0 K28 VALUE_0 NOISE_6 NOISE_6 NOISE_5 NOISE_1 NOISE_0 NOISE_5 NOISE_4 NOISE_0 NOISE_6 NOISE_6 NOISE_7 NOISE_6 NOISE_2 NOISE_1 NOISE_7 NOISE_0 NOISE_5 NOISE_0 K10 VALUE_1 NOISE_1 NOISE_0 NOISE_1 NOISE_2 NOISE_1 NOISE_5 K31 VALUE_1 NOISE_5 K9 VALUE_0 NOISE_5 NOISE_4 NOISE_1 NOISE_4 NOISE_6 NOISE_4 NOISE_0 NOISE_7 NOISE_1 NOISE_2 NOISE_3 NOISE_6 NOISE_5 NOISE_6 NOISE_7 NOISE_3 NOISE_4 NOISE_4 NOISE_1 NOISE_2 NOISE_2 NOISE_6 NOISE_4 NOISE_0 NOISE_6 NOISE_2 NOISE_3 NOISE_7 K23 VALUE_0 NOISE_6 NOISE_7 NOISE_4 NOISE_7 NOISE_1 NOISE_0 NOISE_0 NOISE_5 NOISE_4 NOISE_4 NOISE_6 NOISE_7 NOISE_2 K13 VALUE_0 NOISE_5 NOISE_7 NOISE_1 NOISE_0 NOISE_2 NOISE_3 NOISE_7 NOISE_2 NOISE_7 NOISE_7 NOISE_1 NOISE_3 NOISE_6 NOISE_5 NOISE_5 NOISE_6 NOISE_6 NOISE_4 NOISE_4 NOISE_4 NOISE_7 NOISE_5 NOISE_3 NOISE_7 NOISE_4 NOISE_2 NOISE_5 NOISE_6 NOISE_5 NOISE_5 NOISE_4 NOISE_7 NOISE_7 NOISE_5 NOISE_2 NOISE_2 NOISE_5 NOISE_3 NOISE_5 NOISE_7 NOISE_0 NOISE_7 NOISE_6 NOISE_2 NOISE_4 NOISE_6 NOISE_4 NOISE_5 NOISE_6 NOISE_5 NOISE_6 NOISE_0 NOISE_6 NOISE_7 NOISE_4 NOISE_5 NOISE_0 NOISE_6 NOISE_4 NOISE_1 NOISE_1 NOISE_0 NOISE_1 NOISE_3 NOISE_5 NOISE_6 NOISE_1 NOISE_4 NOISE_6 NOISE_0 NOISE_1 NOISE_1 NOISE_4 NOISE_5 K19 VALUE_0 NOISE_3 NOISE_6 NOISE_0 NOISE_0 NOISE_7 NOISE_6 NOISE_6 NOISE_4 NOISE_7 NOISE_2 NOISE_0 NOISE_5 NOISE_0 NOISE_1 NOISE_6 NOISE_1 NOISE_1 NOISE_7 NOISE_7 NOISE_0 NOISE_3 NOISE_1 NOISE_2 NOISE_6 NOISE_6 NOISE_5 NOISE_1 NOISE_4 NOISE_0 NOISE_1 NOISE_5 NOISE_6 NOISE_5 NOISE_2 NOISE_4 NOISE_7 NOISE_3 NOISE_3 NOISE_1 NOISE_1 NOISE_2 NOISE_5 NOISE_5 NOISE_3 NOISE_7 NOISE_3 NOISE_1 NOISE_4 NOISE_5 NOISE_6 NOISE_2 NOISE_6 K17 VALUE_0 NOISE_7 NOISE_6 NOISE_7 NOISE_5 NOISE_5 K12 VALUE_0 NOISE_4 NOISE_0 NOISE_0 NOISE_7 NOISE_7 NOISE_2 NOISE_1 NOISE_7 NOISE_5 NOISE_3 NOISE_7 NOISE_1 NOISE_2 NOISE_5 NOISE_1 NOISE_7 NOISE_5 NOISE_1 NOISE_0 NOISE_1 NOISE_6 NOISE_5 NOISE_7 NOISE_3 NOISE_2 NOISE_0 NOISE_4 NOISE_3 K24 VALUE_1 NOISE_7 NOISE_6 NOISE_2 NOISE_2 NOISE_4 NOISE_7 NOISE_0 NOISE_1 NOISE_7 NOISE_2 NOISE_1 NOISE_2 NOISE_7 NOISE_2 NOISE_7 NOISE_6 NOISE_2 K2 VALUE_1 NOISE_2 NOISE_3 NOISE_0 NOISE_7 NOISE_0 NOISE_0 NOISE_0 K5 VALUE_0 NOISE_7 NOISE_5 NOISE_1 NOISE_2 Q10
42,K8,VALUE_0,128,3489,NOISE_7 NOISE_3 NOISE_3 NOISE_0 NOISE_0 NOISE_5 NOISE_1 NOISE_1 NOISE_2 NOISE_6 NOISE_4 NOISE_4 NOISE_6 NOISE_0 NOISE_3 NOISE_6 NOISE_4 NOISE_1 NOISE_1 NOISE_5 NOISE_1 NOISE_7 NOISE_5 NOISE_7 NOISE_3 K7 VALUE_1 NOISE_0 NOISE_1 NOISE_7 NOISE_7 NOISE_3 K16 VALUE_0 NOISE_2 NOISE_4 NOISE_5 K12 VALUE_0 NOISE_3 NOISE_7 NOISE_2 NOISE_7 NOISE_2 NOISE_7 NOISE_2 NOISE_2 NOISE_1 NOISE_6 NOISE_3 NOISE_0 NOISE_2 NOISE_7 NOISE_0 NOISE_6 NOISE_2 NOISE_5 NOISE_2 NOISE_6 NOISE_4 NOISE_6 NOISE_4 NOISE_0 NOISE_0 NOISE_2 NOISE_1 NOISE_4 NOISE_0 NOISE_1 NOISE_6 NOISE_2 NOISE_6 NOISE_4 NOISE_2 NOISE_0 NOISE_2 NOISE_7 NOISE_6 NOISE_3 NOISE_0 NOISE_7 NOISE_0 NOISE_1 NOISE_1 NOISE_6 NOISE_0 NOISE_7 NOISE_0 NOISE_4 NOISE_1 NOISE_0 NOISE_5 NOISE_7 NOISE_3 NOISE_1 NOISE_0 NOISE_2 NOISE_3 NOISE_7 NOISE_0 NOISE_3 NOISE_7 NOISE_6 NOISE_0 NOISE_3 NOISE_2 NOISE_6 NOISE_4 NOISE_5 NOISE_5 NOISE_4 NOISE_5 NOISE_2 NOISE_7 NOISE_5 NOISE_6 NOISE_2 K6 VALUE_0 NOISE_0 NOISE_4 NOISE_5 NOISE_4 NOISE_6 NOISE_4 NOISE_5 NOISE_4 NOISE_1 NOISE_5 NOISE_5 NOISE_1 NOISE_2 NOISE_5 K2 VALUE_0 NOISE_6 NOISE_1 NOISE_1 NOISE_4 NOISE_0 NOISE_5 NOISE_1 NOISE_2 NOISE_3 K28 VALUE_0 NOISE_3 NOISE_2 NOISE_1 NOISE_7 NOISE_0 NOISE_6 NOISE_5 NOISE_1 NOISE_0 NOISE_3 NOISE_4 K13 VALUE_0 NOISE_3 NOISE_2 NOISE_1 NOISE_1 NOISE_7 NOISE_6 NOISE_0 NOISE_0 NOISE_1 NOISE_0 NOISE_2 NOISE_0 NOISE_0 NOISE_0 NOISE_0 NOISE_1 NOISE_0 NOISE_1 K29 VALUE_1 K27 VALUE_0 NOISE_0 NOISE_3 K21 VALUE_1 NOISE_1 NOISE_7 NOISE_5 NOISE_2 NOISE_2 NOISE_7 NOISE_3 NOISE_1 NOISE_5 NOISE_7 NOISE_3 NOISE_0 NOISE_2 NOISE_7 NOISE_1 NOISE_2 NOISE_1 NOISE_6 NOISE_3 NOISE_0 NOISE_2 NOISE_1 NOISE_5 NOISE_7 NOISE_6 NOISE_6 NOISE_2 NOISE_1 NOISE_2 NOISE_5 NOISE_2 NOISE_5 NOISE_5 NOISE_5 NOISE_4 NOISE_7 NOISE_1 NOISE_3 NOISE_0 NOISE_7 NOISE_6 NOISE_6 NOISE_0 NOISE_1 NOISE_6 NOISE_6 NOISE_2 NOISE_4 NOISE_6 NOISE_5 NOISE_6 NOISE_4 NOISE_6 NOISE_7 NOISE_4 NOISE_4 NOISE_5 NOISE_6 NOISE_3 NOISE_6 NOISE_3 NOISE_4 NOISE_2 K23 VALUE_1 NOISE_1 NOISE_5 NOISE_1 NOISE_6 NOISE_4 NOISE_7 NOISE_0 NOISE_1 NOISE_6 NOISE_3 NOISE_3 NOISE_6 NOISE_2 NOISE_6 NOISE_7 NOISE_6 NOISE_2 NOISE_4 NOISE_4 NOISE_1 NOISE_3 NOISE_1 NOISE_7 NOISE_2 NOISE_2 NOISE_4 NOISE_4 NOISE_5 NOISE_4 NOISE_4 NOISE_5 NOISE_0 NOISE_2 NOISE_2 NOISE_1 NOISE_7 NOISE_1 NOISE_3 NOISE_4 K5 VALUE_0 NOISE_1 NOISE_0 NOISE_7 NOISE_0 NOISE_6 NOISE_2 NOISE_7 NOISE_6 NOISE_6 NOISE_4 NOISE_0 NOISE_3 NOISE_4 NOISE_4 NOISE_0 NOISE_0 NOISE_3 NOISE_3 NOISE_6 NOISE_6 NOISE_0 NOISE_5 NOISE_1 NOISE_7 NOISE_7 NOISE_0 NOISE_3 NOISE_2 NOISE_4 NOISE_1 NOISE_0 NOISE_5 NOISE_2 NOISE_5 NOISE_4 NOISE_7 NOISE_0 NOISE_2 NOISE_6 NOISE_3 NOISE_0 NOISE_3 NOISE_7 NOISE_3 NOISE_5 K25 VALUE_1 NOISE_4 NOISE_1 NOISE_0 NOISE_5 NOISE_2 NOISE_0 NOISE_3 NOISE_4 NOISE_5 NOISE_1 NOISE_5 NOISE_6 NOISE_4 NOISE_3 K31 VALUE_0 NOISE_7 NOISE_6 NOISE_6 NOISE_0 NOISE_5 NOISE_5 NOISE_2 NOISE_3 NOISE_6 K1 VALUE_0 NOISE_1 NOISE_1 K24 VALUE_1 NOISE_4 NOISE_4 NOISE_0 NOISE_2 NOISE_2 NOISE_1 NOISE_1 NOISE_0 NOISE_0 NOISE_7 NOISE_0 NOISE_2 NOISE_3 K8 VALUE_0 NOISE_0 NOISE_0 NOISE_0 NOISE_4 NOISE_1 NOISE_6 NOISE_2 NOISE_5 NOISE_0 NOISE_1 NOISE_4 NOISE_6 NOISE_5 NOISE_0 NOISE_0 NOISE_0 NOISE_7 NOISE_1 NOISE_5 NOISE_6 NOISE_4 NOISE_4 NOISE_0 NOISE_0 NOISE_1 NOISE_7 NOISE_1 NOISE_4 K10 VALUE_1 NOISE_5 NOISE_3 NOISE_7 NOISE_6 NOISE_5 NOISE_5 K19 VALUE_1 NOISE_6 NOISE_7 NOISE_0 NOISE_5 NOISE_0 NOISE_1 K15 VALUE_1 NOISE_2 NOISE_7 NOISE_7 NOISE_4 K30 VALUE_0 NOISE_4 NOISE_4 NOISE_0 NOISE_5 NOISE_4 NOISE_0 NOISE_6 NOISE_6 NOISE_0 NOISE_3 NOISE_4 NOISE_4 NOISE_6 NOISE_4 NOISE_6 NOISE_2 NOISE_3 NOISE_0 NOISE_5 NOISE_6 NOISE_6 NOISE_6 K26 VALUE_1 NOISE_0 NOISE_2 NOISE_2 NOISE_0 NOISE_5 NOISE_1 NOISE_3 NOISE_2 NOISE_3 NOISE_4 NOISE_0 NOISE_5 NOISE_0 NOISE_6 NOISE_1 NOISE_1 NOISE_4 NOISE_1 NOISE_1 NOISE_3 NOISE_3 NOISE_2 NOISE_5 NOISE_2 NOISE_5 NOISE_3 NOISE_0 NOISE_4 NOISE_0 NOISE_1 NOISE_4 NOISE_3 NOISE_6 NOISE_7 NOISE_0 NOISE_5 NOISE_2 NOISE_0 NOISE_6 NOISE_0 NOISE_7 NOISE_5 NOISE_5 NOISE_4 K18 VALUE_1 NOISE_0 NOISE_1 NOISE_4 K4 VALUE_1 Q8
43,K19,VALUE_1,16,1210,NOISE_6 NOISE_1 NOISE_5 NOISE_0 NOISE_0 NOISE_7 NOISE_3 NOISE_7 NOISE_0 NOISE_3 NOISE_6 NOISE_5 NOISE_2 NOISE_4 K26 VALUE_0 K24 VALUE_0 NOISE_7 NOISE_2 NOISE_5 NOISE_4 NOISE_0 NOISE_5 NOISE_1 NOISE_3 NOISE_5 NOISE_4 NOISE_6 NOISE_0 NOISE_4 NOISE_2 NOISE_0 NOISE_5 NOISE_3 NOISE_5 NOISE_0 NOISE_6 NOISE_7 NOISE_3 NOISE_7 NOISE_5 NOISE_5 NOISE_6 NOISE_6 NOISE_6 NOISE_3 NOISE_0 NOISE_7 NOISE_6 NOISE_1 NOISE_6 NOISE_1 NOISE_6 NOISE_1 NOISE_2 NOISE_2 K30 VALUE_0 NOISE_4 NOISE_5 NOISE_1 NOISE_0 K22 VALUE_1 NOISE_5 NOISE_1 NOISE_2 NOISE_0 NOISE_6 NOISE_5 NOISE_2 NOISE_0 NOISE_5 NOISE_7 NOISE_2 NOISE_1 NOISE_7 NOISE_7 NOISE_6 NOISE_5 NOISE_6 NOISE_3 NOISE_6 NOISE_6 NOISE_5 NOISE_7 NOISE_5 NOISE_6 NOISE_3 NOISE_2 NOISE_7 NOISE_6 NOISE_6 NOISE_3 NOISE_3 NOISE_6 NOISE_2 NOISE_6 NOISE_7 NOISE_6 NOISE_1 NOISE_0 NOISE_1 NOISE_6 NOISE_0 NOISE_1 NOISE_2 NOISE_0 NOISE_2 NOISE_3 NOISE_6 NOISE_0 NOISE_6 NOISE_2 NOISE_6 NOISE_5 NOISE_4 NOISE_1 NOISE_2 NOISE_3 NOISE_5 NOISE_7 NOISE_5 NOISE_0 NOISE_6 NOISE_3 NOISE_6 NOISE_2 NOISE_3 NOISE_1 NOISE_4 NOISE_7 NOISE_0 NOISE_7 NOISE_2 NOISE_7 NOISE_4 NOISE_0 NOISE_3 NOISE_2 NOISE_4 NOISE_5 NOISE_7 NOISE_7 NOISE_2 NOISE_3 NOISE_0 NOISE_4 NOISE_7 NOISE_4 NOISE_3 NOISE_0 NOISE_0 NOISE_4 NOISE_5 NOISE_1 NOISE_6 NOISE_6 NOISE_6 NOISE_1 K8 VALUE_1 NOISE_3 NOISE_0 NOISE_7 K6 VALUE_0 NOISE_0 NOISE_4 NOISE_2 NOISE_0 NOISE_2 NOISE_3 NOISE_7 NOISE_4 NOISE_2 NOISE_1 NOISE_5 NOISE_3 NOISE_2 NOISE_7 NOISE_2 NOISE_5 NOISE_3 NOISE_7 NOISE_6 NOISE_2 NOISE_6 NOISE_3 NOISE_6 NOISE_7 NOISE_5 NOISE_0 NOISE_4 NOISE_6 NOISE_0 NOISE_6 NOISE_7 NOISE_0 NOISE_2 NOISE_7 NOISE_5 NOISE_1 NOISE_7 NOISE_0 NOISE_4 NOISE_2 NOISE_4 NOISE_7 NOISE_3 NOISE_5 NOISE_3 K18 VALUE_1 NOISE_6 NOISE_6 NOISE_3 NOISE_5 NOISE_7 NOISE_5 K9 VALUE_0 NOISE_0 NOISE_1 K28 VALUE_0 NOISE_5 K15 VALUE_1 NOISE_4 NOISE_6 NOISE_6 NOISE_1 NOISE_6 NOISE_1 NOISE_2 NOISE_5 NOISE_3 NOISE_4 NOISE_7 NOISE_0 NOISE_0 NOISE_4 NOISE_1 NOISE_1 K29 VALUE_0 NOISE_2 NOISE_5 NOISE_3 NOISE_7 NOISE_0 NOISE_2 NOISE_3 NOISE_1 K25 VALUE_1 NOISE_5 NOISE_1 NOISE_3 NOISE_1 NOISE_7 NOISE_0 NOISE_2 NOISE_1 NOISE_2 NOISE_1 NOISE_2 NOISE_4 NOISE_1 NOISE_2 NOISE_7 NOISE_3 NOISE_1 NOISE_3 NOISE_7 NOISE_3 NOISE_4 NOISE_2 NOISE_3 NOISE_4 K23 VALUE_1 NOISE_1 NOISE_2 NOISE_0 NOISE_5 NOISE_4 NOISE_7 NOISE_4 NOISE_4 K11 VALUE_0 NOISE_7 K14 VALUE_1 NOISE_0 NOISE_4 NOISE_2 NOISE_1 NOISE_3 NOISE_7 NOISE_7 NOISE_7 NOISE_4 NOISE_6 NOISE_4 NOISE_6 NOISE_7 NOISE_5 NOISE_5 NOISE_0 K7 VALUE_1 NOISE_5 NOISE_2 NOISE_5 NOISE_6 NOISE_4 NOISE_0 NOISE_7 NOISE_2 NOISE_1 NOISE_3 NOISE_5 NOISE_2 NOISE_7 NOISE_4 NOISE_3 NOISE_3 NOISE_3 NOISE_2 NOISE_3 NOISE_3 NOISE_2 NOISE_0 NOISE_6 NOISE_5 NOISE_0 NOISE_7 NOISE_2 NOISE_0 NOISE_1 K0 VALUE_1 NOISE_6 NOISE_5 NOISE_4 NOISE_6 NOISE_3 NOISE_7 NOISE_5 NOISE_7 NOISE_5 K12 VALUE_0 NOISE_6 NOISE_3 NOISE_2 NOISE_2 NOISE_3 NOISE_4 NOISE_7 NOISE_4 NOISE_4 K27 VALUE_0 NOISE_7 NOISE_4 NOISE_0 NOISE_1 NOISE_0 NOISE_5 NOISE_1 NOISE_6 NOISE_7 NOISE_3 NOISE_4 NOISE_0 NOISE_0 NOISE_6 NOISE_5 NOISE_0 NOISE_2 NOISE_5 NOISE_1 NOISE_3 NOISE_4 NOISE_5 NOISE_6 NOISE_7 NOISE_1 NOISE_3 NOISE_7 NOISE_7 NOISE_3 NOISE_2 K10 VALUE_0 NOISE_7 NOISE_4 K21 VALUE_0 NOISE_3 NOISE_7 NOISE_6 NOISE_4 NOISE_5 NOISE_1 NOISE_1 NOISE_3 NOISE_6 NOISE_4 NOISE_4 NOISE_4 NOISE_3 NOISE_3 NOISE_0 K16 VALUE_1 NOISE_6 NOISE_0 NOISE_7 NOISE_1 NOISE_2 NOISE_4 NOISE_2 NOISE_0 NOISE_5 NOISE_3 NOISE_4 NOISE_3 NOISE_6 NOISE_4 NOISE_3 NOISE_0 NOISE_4 NOISE_1 NOISE_4 NOISE_5 NOISE_2 NOISE_5 NOISE_5 NOISE_4 NOISE_0 NOISE_7 NOISE_1 NOISE_3 NOISE_4 NOISE_3 NOISE_7 NOISE_0 NOISE_5 NOISE_6 NOISE_2 NOISE_0 NOISE_2 NOISE_4 NOISE_7 NOISE_3 NOISE_5 NOISE_5 NOISE_4 NOISE_4 NOISE_2 NOISE_6 NOISE_2 NOISE_5 NOISE_7 NOISE_1 NOISE_5 NOISE_4 NOISE_7 NOISE_4 NOISE_5 NOISE_0 NOISE_2 NOISE_7 NOISE_5 NOISE_3 NOISE_7 NOISE_7 NOISE_6 NOISE_5 NOISE_2 NOISE_7 NOISE_2 NOISE_6 NOISE_4 NOISE_2 NOISE_1 NOISE_7 NOISE_5 K19 VALUE_1 NOISE_7 NOISE_0 NOISE_3 NOISE_2 NOISE_6 K3 VALUE_1 NOISE_5 NOISE_7 NOISE_1 NOISE_0 NOISE_5 NOISE_0 NOISE_3 NOISE_3 Q19
44,K22,VALUE_0,256,4220,NOISE_5 NOISE_6 NOISE_6 NOISE_4 NOISE_7 NOISE_2 NOISE_2 NOISE_0 NOISE_2 NOISE_5 NOISE_4 NOISE_3 NOISE_1 NOISE_7 NOISE_6 NOISE_0 NOISE_4 NOISE_5 NOISE_1 NOISE_3 NOISE_0 K17 VALUE_0 NOISE_0 NOISE_7 NOISE_0 NOISE_5 NOISE_1 NOISE_0 NOISE_3 NOISE_1 NOISE_2 NOISE_7 NOISE_6 NOISE_2 NOISE_2 NOISE_6 NOISE_5 NOISE_1 NOISE_5 NOISE_5 NOISE_3 NOISE_2 NOISE_2 NOISE_4 NOISE_5 NOISE_2 NOISE_7 NOISE_6 K0 VALUE_1 NOISE_0 NOISE_2 NOISE_5 NOISE_5 NOISE_2 NOISE_5 NOISE_5 NOISE_6 NOISE_4 NOISE_1 NOISE_5 NOISE_6 NOISE_4 NOISE_4 NOISE_1 NOISE_3 NOISE_2 NOISE_5 NOISE_1 NOISE_6 NOISE_7 NOISE_6 NOISE_7 NOISE_3 NOISE_6 NOISE_6 NOISE_7 NOISE_6 NOISE_2 NOISE_7 NOISE_6 NOISE_3 NOISE_0 NOISE_3 NOISE_5 NOISE_5 NOISE_3 K5 VALUE_0 NOISE_6 NOISE_5 NOISE_4 NOISE_4 NOISE_7 NOISE_4 NOISE_2 NOISE_2 NOISE_4 NOISE_5 NOISE_4 NOISE_3 NOISE_6 NOISE_4 NOISE_5 NOISE_7 NOISE_1 NOISE_1 NOISE_6 NOISE_7 NOISE_2 NOISE_1 NOISE_7 NOISE_7 K15 VALUE_0 NOISE_6 NOISE_5 NOISE_7 NOISE_2 NOISE_5 NOISE_7 NOISE_5 NOISE_0 NOISE_4 NOISE_1 NOISE_0 NOISE_6 NOISE_0 NOISE_6 NOISE_0 NOISE_4 NOISE_1 NOISE_6 NOISE_4 K26 VALUE_1 NOISE_4 NOISE_2 NOISE_4 NOISE_2 NOISE_7 NOISE_2 NOISE_3 NOISE_2 NOISE_4 NOISE_1 NOISE_0 NOISE_7 NOISE_3 NOISE_2 NOISE_7 NOISE_2 NOISE_2 NOISE_4 NOISE_1 NOISE_5 NOISE_3 NOISE_1 NOISE_6 NOISE_4 NOISE_6 NOISE_1 NOISE_7 NOISE_2 NOISE_1 NOISE_7 NOISE_1 NOISE_0 NOISE_4 NOISE_2 NOISE_0 NOISE_5 NOISE_4 NOISE_3 NOISE_7 NOISE_4 NOISE_3 NOISE_4 NOISE_2 NOISE_3 NOISE_5 K25 VALUE_1 NOISE_6 NOISE_4 NOISE_5 NOISE_6 NOISE_5 NOISE_4 NOISE_5 NOISE_3 NOISE_0 NOISE_3 NOISE_4 NOISE_1 NOISE_1 NOISE_4 NOISE_1 NOISE_6 NOISE_2 NOISE_5 NOISE_5 NOISE_5 NOISE_6 NOISE_1 NOISE_5 NOISE_6 NOISE_0 NOISE_6 NOISE_5 NOISE_3 NOISE_5 K4 VALUE_0 NOISE_3 NOISE_6 NOISE_7 NOISE_3 NOISE_7 NOISE_5 NOISE_3 NOISE_2 NOISE_5 NOISE_7 NOISE_2 NOISE_0 NOISE_7 NOISE_2 NOISE_1 NOISE_0 NOISE_3 NOISE_2 NOISE_3 NOISE_2 NOISE_5 NOISE_3 NOISE_7 NOISE_1 NOISE_2 NOISE_6 NOISE_4 NOISE_4 NOISE_1 NOISE_5 NOISE_4 NOISE_1 NOISE_7 NOISE_5 NOISE_7 NOISE_4 NOISE_0 NOISE_2 NOISE_0 K22 VALUE_0 NOISE_6 NOISE_7 K28 VALUE_1 NOISE_1 NOISE_1 NOISE_2 NOISE_6 NOISE_7 NOISE_2 NOISE_1 NOISE_6 K2 VALUE_1 NOISE_3 NOISE_1 NOISE_5 NOISE_3 NOISE_6 NOISE_3 NOISE_6 NOISE_3 NOISE_5 NOISE_4 NOISE_5 NOISE_6 NOISE_6 NOISE_0 NOISE_7 NOISE_2 NOISE_0 NOISE_7 NOISE_7 NOISE_0 NOISE_2 NOISE_4 NOISE_4 NOISE_1 NOISE_6 NOISE_2 NOISE_6 NOISE_0 NOISE_5 NOISE_6 NOISE_4 NOISE_5 NOISE_1 NOISE_1 NOISE_3 NOISE_3 NOISE_1 NOISE_1 NOISE_0 NOISE_7 NOISE_0 K1 VALUE_0 NOISE_0 NOISE_1 NOISE_6 K18 VALUE_1 NOISE_0 NOISE_2 NOISE_1 NOISE_6 NOISE_5 NOISE_5 K27 VALUE_1 NOISE_5 NOISE_7 NOISE_5 NOISE_1 NOISE_0 NOISE_3 NOISE_5 NOISE_2 NOISE_4 NOISE_3 NOISE_5 NOISE_1 NOISE_5 K14 VALUE_0 NOISE_6 NOISE_3 NOISE_6 NOISE_0 NOISE_6 NOISE_2 NOISE_1 NOISE_3 NOISE_3 NOISE_3 NOISE_2 NOISE_7 NOISE_7 NOISE_3 NOISE_0 NOISE_5 NOISE_2 NOISE_2 NOISE_4 NOISE_1 NOISE_0 NOISE_4 NOISE_4 NOISE_3 NOISE_0 NOISE_1 NOISE_7 NOISE_4 NOISE_2 NOISE_6 NOISE_5 K31 VALUE_1 NOISE_0 NOISE_6 NOISE_7 NOISE_5 NOISE_3 NOISE_1 NOISE_4 NOISE_2 K9 VALUE_1 NOISE_1 NOISE_1 K3 VALUE_1 NOISE_4 K19 VALUE_0 NOISE_0 NOISE_1 NOISE_5 NOISE_0 NOISE_0 NOISE_3 NOISE_1 NOISE_4 NOISE_4 NOISE_1 NOISE_3 NOISE_2 K16 VALUE_1 NOISE_1 NOISE_2 NOISE_3 NOISE_5 NOISE_1 NOISE_0 NOISE_2 K29 VALUE_0 NOISE_2 NOISE_5 K10 VALUE_0 NOISE_5 NOISE_1 NOISE_1 NOISE_0 NOISE_6 NOISE_6 NOISE_1 NOISE_4 NOISE_4 NOISE_6 NOISE_6 NOISE_6 NOISE_7 NOISE_0 NOISE_0 NOISE_0 NOISE_6 NOISE_4 NOISE_4 NOISE_5 NOISE_1 NOISE_3 NOISE_2 NOISE_3 NOISE_6 NOISE_2 NOISE_6 NOISE_3 K21 VALUE_0 NOISE_0 NOISE_7 NOISE_1 NOISE_2 NOISE_3 NOISE_7 NOISE_5 NOISE_0 NOISE_5 NOISE_5 NOISE_6 NOISE_0 K13 VALUE_1 NOISE_1 NOISE_3 NOISE_2 NOISE_0 NOISE_3 NOISE_7 NOISE_1 NOISE_3 NOISE_4 NOISE_7 NOISE_3 NOISE_1 NOISE_7 NOISE_4 NOISE_5 NOISE_4 NOISE_2 NOISE_0 NOISE_7 NOISE_3 NOISE_2 NOISE_3 NOISE_4 NOISE_2 NOISE_7 NOISE_5 NOISE_1 NOISE_0 NOISE_5 NOISE_3 NOISE_6 NOISE_2 NOISE_5 NOISE_1 NOISE_3 NOISE_3 NOISE_1 NOISE_2 NOISE_5 NOISE_5 NOISE_1 NOISE_6 NOISE_0 NOISE_5 K11 VALUE_0 NOISE_5 NOISE_5 NOISE_2 Q22
45,K21,VALUE_0,256,5568,NOISE_4 K16 VALUE_0 NOISE_2 NOISE_0 NOISE_7 NOISE_6 NOISE_3 NOISE_4 NOISE_7 NOISE_5 NOISE_4 NOISE_3 NOISE_2 NOISE_1 NOISE_5 NOISE_5 NOISE_5 NOISE_7 NOISE_5 NOISE_5 K8 VALUE_0 NOISE_5 NOISE_1 NOISE_6 NOISE_7 NOISE_6 NOISE_1 NOISE_4 NOISE_7 NOISE_3 NOISE_5 NOISE_3 NOISE_0 NOISE_6 NOISE_7 NOISE_7 K4 VALUE_0 NOISE_1 NOISE_6 NOISE_5 NOISE_4 NOISE_6 NOISE_1 NOISE_2 NOISE_6 NOISE_0 NOISE_7 NOISE_7 NOISE_0 NOISE_1 NOISE_0 NOISE_0 NOISE_1 NOISE_1 NOISE_4 NOISE_4 NOISE_3 NOISE_6 NOISE_5 NOISE_4 NOISE_0 NOISE_3 NOISE_1 NOISE_0 NOISE_3 NOISE_6 NOISE_6 NOISE_6 NOISE_6 NOISE_3 NOISE_1 NOISE_0 NOISE_3 NOISE_4 NOISE_2 NOISE_6 NOISE_3 NOISE_4 NOISE_3 NOISE_4 K9 VALUE_0 NOISE_7 NOISE_3 NOISE_1 NOISE_4 NOISE_4 NOISE_0 NOISE_1 NOISE_3 NOISE_0 NOISE_7 K20 VALUE_0 NOISE_1 NOISE_2 NOISE_5 NOISE_3 NOISE_3 NOISE_3 NOISE_3 NOISE_7 NOISE_1 NOISE_2 NOISE_6 K7 VALUE_1 NOISE_7 NOISE_7 NOISE_2 NOISE_1 NOISE_0 NOISE_7 NOISE_3 NOISE_4 NOISE_2 NOISE_5 NOISE_2 NOISE_1 NOISE_3 NOISE_6 NOISE_5 NOISE_3 NOISE_2 NOISE_2 NOISE_3 NOISE_5 NOISE_7 NOISE_3 NOISE_4 NOISE_2 NOISE_1 NOISE_6 NOISE_3 NOISE_6 NOISE_6 K10 VALUE_1 NOISE_7 NOISE_2 NOISE_6 NOISE_5 NOISE_2 NOISE_3 NOISE_4 NOISE_0 NOISE_2 NOISE_6 NOISE_7 NOISE_4 NOISE_2 NOISE_3 NOISE_1 NOISE_7 NOISE_7 NOISE_4 NOISE_4 NOISE_4 NOISE_7 NOISE_4 NOISE_4 NOISE_2 NOISE_5 NOISE_1 NOISE_0 NOISE_2 NOISE_6 NOISE_6 NOISE_6 NOISE_0 NOISE_1 NOISE_6 NOISE_7 NOISE_4 NOISE_0 NOISE_4 NOISE_2 NOISE_7 NOISE_4 NOISE_0 NOISE_4 NOISE_4 NOISE_0 NOISE_5 NOISE_6 NOISE_5 NOISE_3 NOISE_6 NOISE_7 NOISE_7 NOISE_5 NOISE_3 NOISE_7 NOISE_7 K30 VALUE_1 NOISE_2 NOISE_3 NOISE_4 NOISE_5 NOISE_4 NOISE_3 NOISE_2 NOISE_0 NOISE_6 NOISE_3 NOISE_2 NOISE_6 NOISE_1 NOISE_4 NOISE_0 NOISE_5 NOISE_2 NOISE_5 NOISE_4 NOISE_1 NOISE_2 K13 VALUE_0 NOISE_2 NOISE_1 NOISE_2 NOISE_3 NOISE_1 NOISE_5 NOISE_5 NOISE_2 K11 VALUE_1 NOISE_1 NOISE_7 NOISE_0 NOISE_2 NOISE_3 NOISE_3 NOISE_5 K6 VALUE_1 NOISE_3 NOISE_0 NOISE_3 NOISE_1 NOISE_7 NOISE_5 NOISE_6 NOISE_5 NOISE_7 NOISE_6 NOISE_5 NOISE_1 NOISE_7 K21 VALUE_0 NOISE_7 NOISE_1 NOISE_3 NOISE_6 NOISE_1 NOISE_3 NOISE_6 NOISE_4 NOISE_2 NOISE_6 NOISE_4 NOISE_5 NOISE_3 NOISE_6 NOISE_7 NOISE_3 NOISE_1 NOISE_2 NOISE_5 NOISE_4 NOISE_0 NOISE_1 NOISE_4 NOISE_4 NOISE_6 NOISE_5 NOISE_6 NOISE_1 NOISE_1 NOISE_4 NOISE_7 NOISE_3 NOISE_1 NOISE_3 NOISE_0 NOISE_1 NOISE_2 NOISE_3 NOISE_3 NOISE_6 NOISE_1 NOISE_3 NOISE_7 NOISE_3 NOISE_6 NOISE_7 NOISE_4 NOISE_7 NOISE_6 K2 VALUE_1 NOISE_4 NOISE_6 NOISE_2 NOISE_0 NOISE_4 NOISE_3 NOISE_2 NOISE_2 NOISE_5 NOISE_7 K25 VALUE_0 K23 VALUE_1 NOISE_0 NOISE_7 NOISE_0 NOISE_6 NOISE_7 NOISE_2 NOISE_0 NOISE_3 NOISE_4 NOISE_0 NOISE_6 K15 VALUE_0 NOISE_6 NOISE_0 NOISE_7 NOISE_6 NOISE_1 NOISE_0 NOISE_7 NOISE_4 NOISE_3 NOISE_0 NOISE_5 NOISE_4 NOISE_5 NOISE_5 NOISE_7 NOISE_5 NOISE_0 K28 VALUE_1 NOISE_2 NOISE_4 NOISE_1 NOISE_3 NOISE_2 NOISE_7 NOISE_6 NOISE_1 NOISE_2 NOISE_6 NOISE_1 NOISE_5 NOISE_3 NOISE_2 NOISE_6 NOISE_6 NOISE_7 NOISE_3 NOISE_6 NOISE_4 NOISE_5 K31 VALUE_1 NOISE_1 NOISE_7 NOISE_2 NOISE_5 NOISE_3 NOISE_5 NOISE_4 NOISE_1 NOISE_5 NOISE_7 NOISE_4 NOISE_3 NOISE_5 NOISE_1 NOISE_2 NOISE_5 NOISE_7 NOISE_3 NOISE_7 NOISE_2 NOISE_1 NOISE_7 NOISE_2 K29 VALUE_0 NOISE_7 NOISE_4 NOISE_2 NOISE_3 NOISE_2 NOISE_2 NOISE_7 K26 VALUE_1 NOISE_7 NOISE_5 NOISE_1 NOISE_3 NOISE_1 NOISE_5 NOISE_6 NOISE_4 NOISE_3 NOISE_6 NOISE_5 NOISE_5 NOISE_3 NOISE_4 NOISE_5 NOISE_0 NOISE_6 NOISE_2 NOISE_7 NOISE_4 NOISE_3 NOISE_3 NOISE_7 NOISE_5 NOISE_3 K12 VALUE_0 NOISE_2 NOISE_7 NOISE_2 NOISE_1 NOISE_4 NOISE_6 NOISE_0 NOISE_5 NOISE_0 NOISE_1 NOISE_0 NOISE_4 NOISE_4 NOISE_3 NOISE_0 NOISE_2 NOISE_0 NOISE_7 NOISE_0 NOISE_0 NOISE_5 NOISE_4 NOISE_3 NOISE_4 NOISE_5 NOISE_5 NOISE_4 NOISE_4 K0 VALUE_1 NOISE_5 NOISE_7 NOISE_0 NOISE_7 NOISE_7 NOISE_6 NOISE_6 NOISE_0 NOISE_7 NOISE_3 NOISE_6 NOISE_4 NOISE_1 NOISE_5 NOISE_2 NOISE_1 NOISE_4 NOISE_5 NOISE_7 NOISE_2 NOISE_1 NOISE_7 K3 VALUE_0 NOISE_0 NOISE_7 NOISE_7 NOISE_5 NOISE_5 NOISE_6 NOISE_4 NOISE_6 NOISE_3 NOISE_5 NOISE_7 NOISE_0 NOISE_7 NOISE_5 NOISE_5 NOISE_7 NOISE_0 NOISE_7 K19 VALUE_1 Q21
46,K3,VALUE_1,64,1836,NOISE_4 NOISE_6 NOISE_0 NOISE_5 NOISE_6 NOISE_4 NOISE_0 NOISE_0 NOISE_7 NOISE_5 NOISE_2 NOISE_5 NOISE_6 NOISE_4 NOISE_4 NOISE_0 NOISE_5 NOISE_4 NOISE_4 NOISE_0 NOISE_5 NOISE_2 NOISE_0 NOISE_4 NOISE_6 NOISE_6 NOISE_3 K22 VALUE_0 NOISE_4 NOISE_6 NOISE_3 NOISE_2 NOISE_1 NOISE_1 NOISE_5 NOISE_1 NOISE_2 NOISE_6 NOISE_6 NOISE_4 NOISE_0 NOISE_2 NOISE_4 NOISE_7 NOISE_6 K19 VALUE_1 NOISE_4 NOISE_5 NOISE_3 NOISE_3 NOISE_6 NOISE_1 NOISE_1 NOISE_7 NOISE_5 NOISE_1 K18 VALUE_1 NOISE_7 NOISE_1 NOISE_5 NOISE_7 NOISE_1 NOISE_4 NOISE_5 NOISE_0 NOISE_1 NOISE_6 NOISE_3 NOISE_7 NOISE_3 NOISE_4 NOISE_6 NOISE_1 NOISE_6 NOISE_6 NOISE_0 NOISE_5 NOISE_2 NOISE_1 NOISE_2 NOISE_0 NOISE_4 NOISE_4 NOISE_0 NOISE_5 NOISE_0 NOISE_4 NOISE_2 NOISE_7 NOISE_6 NOISE_2 NOISE_0 NOISE_7 K12 VALUE_0 NOISE_7 NOISE_1 NOISE_5 NOISE_4 NOISE_6 NOISE_1 NOISE_7 NOISE_2 NOISE_7 NOISE_5 NOISE_7 NOISE_2 NOISE_3 NOISE_1 NOISE_4 NOISE_3 NOISE_4 NOISE_7 NOISE_4 NOISE_0 NOISE_7 NOISE_2 NOISE_6 NOISE_4 NOISE_1 NOISE_7 NOISE_7 K17 VALUE_0 NOISE_5 NOISE_6 NOISE_3 NOISE_1 NOISE_0 NOISE_4 NOISE_7 NOISE_5 K26 VALUE_0 NOISE_6 NOISE_1 NOISE_5 NOISE_1 K4 VALUE_0 NOISE_0 NOISE_2 NOISE_2 NOISE_7 NOISE_1 NOISE_3 NOISE_7 NOISE_0 NOISE_3 NOISE_2 NOISE_6 NOISE_7 NOISE_2 NOISE_6 NOISE_4 NOISE_4 NOISE_0 NOISE_0 NOISE_2 NOISE_7 NOISE_0 NOISE_6 NOISE_1 NOISE_0 NOISE_1 NOISE_1 NOISE_6 NOISE_6 NOISE_0 NOISE_4 NOISE_6 K8 VALUE_1 K24 VALUE_0 NOISE_5 NOISE_5 NOISE_2 NOISE_3 NOISE_3 NOISE_6 NOISE_1 NOISE_1 NOISE_1 NOISE_6 NOISE_1 NOISE_7 NOISE_3 NOISE_3 K29 VALUE_1 NOISE_6 NOISE_6 NOISE_6 NOISE_2 NOISE_3 NOISE_1 NOISE_6 NOISE_0 NOISE_5 NOISE_1 NOISE_6 NOISE_7 NOISE_3 K6 VALUE_1 NOISE_3 NOISE_4 NOISE_2 NOISE_4 NOISE_4 NOISE_5 NOISE_1 NOISE_5 NOISE_7 NOISE_1 NOISE_5 NOISE_7 NOISE_3 NOISE_7 K0 VALUE_1 NOISE_5 NOISE_5 NOISE_5 NOISE_1 NOISE_4 NOISE_4 NOISE_4 NOISE_5 NOISE_0 NOISE_5 NOISE_6 NOISE_7 NOISE_6 NOISE_7 NOISE_2 NOISE_3 NOISE_4 NOISE_5 NOISE_6 NOISE_2 NOISE_2 NOISE_5 NOISE_4 NOISE_3 NOISE_4 NOISE_2 NOISE_3 NOISE_2 NOISE_6 NOISE_2 NOISE_7 NOISE_3 NOISE_5 NOISE_6 NOISE_0 NOISE_3 NOISE_3 NOISE_4 NOISE_4 NOISE_1 NOISE_0 NOISE_7 NOISE_7 NOISE_6 NOISE_2 NOISE_1 NOISE_5 NOISE_2 NOISE_5 NOISE_3 NOISE_6 NOISE_3 NOISE_1 K2 VALUE_1 NOISE_4 K7 VALUE_1 NOISE_2 NOISE_1 NOISE_0 NOISE_6 NOISE_7 NOISE_6 NOISE_6 NOISE_3 NOISE_5 NOISE_5 NOISE_4 NOISE_7 NOISE_3 NOISE_2 K20 VALUE_1 NOISE_1 NOISE_3 NOISE_4 NOISE_3 NOISE_5 NOISE_7 NOISE_2 NOISE_1 NOISE_4 NOISE_5 NOISE_5 NOISE_3 NOISE_3 NOISE_6 NOISE_1 NOISE_7 NOISE_5 NOISE_1 NOISE_3 NOISE_3 NOISE_6 NOISE_0 NOISE_3 NOISE_0 NOISE_2 NOISE_5 NOISE_7 NOISE_5 NOISE_3 NOISE_0 NOISE_5 NOISE_2 NOISE_2 K15 VALUE_1 NOISE_7 NOISE_2 NOISE_7 NOISE_4 NOISE_2 NOISE_3 NOISE_4 NOISE_5 NOISE_2 NOISE_1 NOISE_4 NOISE_5 NOISE_1 NOISE_0 NOISE_2 NOISE_2 NOISE_4 NOISE_6 NOISE_4 NOISE_5 NOISE_4 NOISE_2 NOISE_2 NOISE_1 NOISE_6 NOISE_3 NOISE_0 NOISE_4 NOISE_3 NOISE_6 NOISE_0 NOISE_4 NOISE_5 K9 VALUE_0 NOISE_6 NOISE_1 NOISE_1 NOISE_7 NOISE_7 NOISE_3 NOISE_4 NOISE_0 NOISE_7 NOISE_2 NOISE_4 NOISE_3 NOISE_7 NOISE_6 NOISE_2 NOISE_0 NOISE_2 NOISE_2 NOISE_7 NOISE_6 K11 VALUE_0 K14 VALUE_0 NOISE_3 NOISE_3 NOISE_5 NOISE_2 NOISE_0 NOISE_7 NOISE_6 NOISE_4 K23 VALUE_0 NOISE_0 NOISE_2 NOISE_7 NOISE_4 NOISE_1 NOISE_3 NOISE_2 NOISE_3 NOISE_1 NOISE_7 NOISE_2 NOISE_0 NOISE_7 NOISE_4 NOISE_6 NOISE_1 NOISE_6 NOISE_6 NOISE_7 NOISE_1 NOISE_6 NOISE_2 NOISE_0 NOISE_3 NOISE_6 K25 VALUE_1 NOISE_6 NOISE_3 NOISE_1 NOISE_4 NOISE_7 NOISE_0 NOISE_0 NOISE_3 NOISE_4 NOISE_1 NOISE_0 K28 VALUE_0 NOISE_5 NOISE_5 NOISE_6 K3 VALUE_1 NOISE_6 NOISE_1 NOISE_1 NOISE_0 NOISE_5 NOISE_3 NOISE_3 NOISE_3 NOISE_3 NOISE_3 NOISE_1 NOISE_0 NOISE_2 NOISE_1 NOISE_2 NOISE_2 NOISE_0 NOISE_2 NOISE_2 NOISE_1 NOISE_5 NOISE_3 NOISE_7 NOISE_7 NOISE_1 NOISE_5 NOISE_5 NOISE_0 NOISE_4 NOISE_0 NOISE_3 NOISE_7 NOISE_7 NOISE_7 NOISE_1 NOISE_6 NOISE_3 NOISE_5 K30 VALUE_0 NOISE_1 NOISE_7 NOISE_0 NOISE_6 NOISE_5 NOISE_4 NOISE_5 NOISE_6 NOISE_7 NOISE_4 NOISE_2 NOISE_7 NOISE_6 NOISE_4 NOISE_5 NOISE_6 NOISE_2 NOISE_3 NOISE_3 NOISE_7 NOISE_2 NOISE_1 NOISE_3 Q3
47,K10,VALUE_1,384,6673,NOISE_0 NOISE_4 NOISE_7 NOISE_3 NOISE_4 NOISE_0 NOISE_4 NOISE_1 NOISE_5 NOISE_0 NOISE_6 NOISE_6 NOISE_7 NOISE_1 NOISE_3 NOISE_4 NOISE_3 NOISE_5 NOISE_7 NOISE_6 NOISE_3 NOISE_3 NOISE_7 NOISE_6 NOISE_1 K29 VALUE_1 K18 VALUE_1 NOISE_6 NOISE_4 NOISE_5 NOISE_3 NOISE_6 NOISE_0 NOISE_2 NOISE_3 NOISE_1 NOISE_2 NOISE_1 NOISE_1 NOISE_7 NOISE_2 NOISE_0 NOISE_0 K19 VALUE_0 NOISE_2 NOISE_1 NOISE_7 NOISE_3 NOISE_1 K0 VALUE_0 K15 VALUE_1 NOISE_6 NOISE_1 NOISE_5 NOISE_2 NOISE_2 NOISE_0 NOISE_7 NOISE_5 NOISE_4 NOISE_6 NOISE_2 NOISE_4 NOISE_2 NOISE_4 NOISE_4 NOISE_1 NOISE_2 NOISE_0 NOISE_3 NOISE_0 NOISE_3 NOISE_2 NOISE_4 NOISE_5 NOISE_7 NOISE_3 NOISE_3 NOISE_3 NOISE_5 NOISE_7 NOISE_5 NOISE_1 NOISE_1 NOISE_2 NOISE_7 NOISE_5 NOISE_7 NOISE_1 NOISE_7 NOISE_1 NOISE_7 NOISE_6 NOISE_6 NOISE_7 NOISE_5 NOISE_5 NOISE_3 NOISE_4 NOISE_4 NOISE_6 NOISE_5 NOISE_2 NOISE_4 NOISE_5 NOISE_1 NOISE_7 NOISE_3 NOISE_2 NOISE_4 NOISE_5 K21 VALUE_1 NOISE_6 NOISE_2 NOISE_1 NOISE_1 NOISE_6 NOISE_6 NOISE_2 NOISE_6 K10 VALUE_1 NOISE_5 NOISE_0 NOISE_2 NOISE_7 NOISE_5 NOISE_5 NOISE_5 NOISE_5 NOISE_1 NOISE_5 NOISE_4 NOISE_1 NOISE_6 NOISE_6 NOISE_3 NOISE_4 NOISE_1 NOISE_4 NOISE_6 NOISE_4 NOISE_7 NOISE_2 NOISE_3 NOISE_0 NOISE_1 NOISE_5 NOISE_4 NOISE_4 NOISE_0 NOISE_6 NOISE_2 NOISE_7 NOISE_5 K12 VALUE_0 NOISE_0 NOISE_7 NOISE_0 NOISE_3 NOISE_5 NOISE_5 NOISE_0 NOISE_5 NOISE_2 NOISE_7 K27 VALUE_0 NOISE_4 NOISE_6 NOISE_5 NOISE_2 NOISE_0 NOISE_2 K6 VALUE_0 NOISE_7 NOISE_4 NOISE_6 NOISE_5 NOISE_1 NOISE_2 NOISE_1 NOISE_1 NOISE_5 NOISE_4 NOISE_4 NOISE_3 NOISE_1 NOISE_2 NOISE_2 NOISE_5 NOISE_4 K2 VALUE_1 NOISE_1 NOISE_4 NOISE_4 NOISE_6 NOISE_1 NOISE_1 NOISE_7 NOISE_2 NOISE_7 NOISE_6 NOISE_3 NOISE_4 NOISE_7 NOISE_3 NOISE_1 NOISE_5 NOISE_0 NOISE_1 NOISE_5 NOISE_3 NOISE_4 NOISE_2 NOISE_4 NOISE_4 NOISE_5 NOISE_7 NOISE_3 NOISE_1 NOISE_2 NOISE_0 NOISE_1 NOISE_3 NOISE_5 NOISE_6 NOISE_1 NOISE_7 NOISE_7 NOISE_6 NOISE_6 NOISE_7 NOISE_4 NOISE_2 NOISE_4 NOISE_3 NOISE_6 NOISE_4 NOISE_5 NOISE_2 NOISE_4 NOISE_5 NOISE_1 NOISE_3 NOISE_5 NOISE_7 NOISE_4 NOISE_7 NOISE_3 NOISE_1 NOISE_4 NOISE_2 NOISE_4 NOISE_4 NOISE_5 NOISE_5 NOISE_3 NOISE_5 NOISE_5 NOISE_3 NOISE_4 NOISE_4 NOISE_6 NOISE_6 NOISE_2 NOISE_7 NOISE_7 NOISE_4 K14 VALUE_0 NOISE_2 NOISE_2 NOISE_0 NOISE_3 NOISE_1 NOISE_5 NOISE_3 NOISE_3 NOISE_1 NOISE_2 NOISE_7 NOISE_0 NOISE_5 NOISE_5 NOISE_0 NOISE_2 NOISE_7 NOISE_7 NOISE_3 NOISE_4 NOISE_6 NOISE_4 NOISE_0 NOISE_5 NOISE_6 NOISE_4 NOISE_6 NOISE_5 NOISE_7 K25 VALUE_1 NOISE_2 NOISE_2 NOISE_4 NOISE_1 NOISE_6 NOISE_7 NOISE_7 K20 VALUE_0 NOISE_1 NOISE_3 NOISE_1 NOISE_7 NOISE_4 NOISE_2 NOISE_6 NOISE_7 NOISE_2 K28 VALUE_0 NOISE_1 NOISE_4 K31 VALUE_1 NOISE_2 NOISE_1 NOISE_7 NOISE_3 NOISE_3 NOISE_2 NOISE_4 NOISE_7 NOISE_2 NOISE_2 NOISE_5 NOISE_4 NOISE_5 NOISE_4 NOISE_5 NOISE_7 NOISE_2 NOISE_4 NOISE_6 NOISE_5 NOISE_0 NOISE_7 NOISE_1 NOISE_2 NOISE_3 NOISE_6 NOISE_3 NOISE_6 K11 VALUE_0 NOISE_1 NOISE_2 NOISE_7 NOISE_5 NOISE_4 NOISE_4 NOISE_7 NOISE_0 NOISE_5 NOISE_4 NOISE_2 NOISE_3 NOISE_3 NOISE_7 NOISE_7 NOISE_0 NOISE_0 NOISE_4 NOISE_0 NOISE_1 NOISE_5 NOISE_4 K3 VALUE_1 NOISE_6 NOISE_3 NOISE_0 NOISE_3 NOISE_2 NOISE_0 NOISE_1 NOISE_1 NOISE_5 NOISE_0 NOISE_4 NOISE_7 NOISE_1 NOISE_7 NOISE_5 NOISE_7 NOISE_2 NOISE_5 NOISE_5 NOISE_4 NOISE_3 NOISE_6 NOISE_0 NOISE_4 NOISE_1 NOISE_5 NOISE_6 NOISE_2 NOISE_4 NOISE_1 K13 VALUE_0 NOISE_0 NOISE_5 NOISE_7 NOISE_3 NOISE_3 NOISE_6 NOISE_1 K16 VALUE_0 NOISE_0 NOISE_6 NOISE_3 NOISE_1 NOISE_2 NOISE_3 NOISE_4 NOISE_7 NOISE_7 NOISE_1 NOISE_7 NOISE_4 NOISE_2 NOISE_3 NOISE_4 NOISE_2 K26 VALUE_1 NOISE_1 NOISE_4 NOISE_2 NOISE_5 NOISE_4 NOISE_2 NOISE_7 K9 VALUE_1 NOISE_0 NOISE_4 NOISE_1 NOISE_1 NOISE_3 NOISE_1 NOISE_4 NOISE_6 NOISE_1 NOISE_1 NOISE_2 NOISE_7 NOISE_2 NOISE_0 NOISE_3 NOISE_4 NOISE_3 NOISE_5 NOISE_1 NOISE_6 NOISE_1 NOISE_2 NOISE_7 NOISE_0 NOISE_3 NOISE_2 NOISE_4 NOISE_0 NOISE_0 NOISE_7 NOISE_4 NOISE_2 NOISE_1 NOISE_5 NOISE_5 NOISE_6 NOISE_3 K24 VALUE_0 NOISE_7 NOISE_7 NOISE_6 NOISE_5 NOISE_6 NOISE_3 NOISE_3 NOISE_7 NOISE_4 NOISE_3 K4 VALUE_1 NOISE_5 NOISE_1 NOISE_0 Q10
48,K12,VALUE_0,384,5732,NOISE_2 NOISE_7 NOISE_0 NOISE_5 NOISE_1 NOISE_7 NOISE_5 NOISE_0 NOISE_1 NOISE_0 NOISE_1 NOISE_4 NOISE_2 NOISE_3 K11 VALUE_1 NOISE_6 NOISE_1 NOISE_0 NOISE_4 NOISE_5 NOISE_3 NOISE_0 NOISE_1 NOISE_7 NOISE_2 NOISE_7 NOISE_4 NOISE_3 NOISE_7 NOISE_6 NOISE_2 NOISE_3 NOISE_3 NOISE_3 NOISE_2 K1 VALUE_0 NOISE_7 NOISE_3 NOISE_4 NOISE_1 NOISE_6 NOISE_1 NOISE_3 NOISE_7 NOISE_3 NOISE_6 NOISE_5 NOISE_4 NOISE_6 NOISE_3 NOISE_4 NOISE_6 NOISE_2 NOISE_4 NOISE_3 NOISE_7 NOISE_1 NOISE_5 NOISE_4 NOISE_5 NOISE_1 K21 VALUE_0 NOISE_5 NOISE_1 NOISE_1 NOISE_1 NOISE_6 NOISE_0 NOISE_1 NOISE_2 NOISE_4 NOISE_7 NOISE_7 NOISE_2 NOISE_6 NOISE_7 NOISE_3 NOISE_6 NOISE_4 NOISE_2 NOISE_2 NOISE_0 NOISE_2 NOISE_6 NOISE_1 NOISE_3 NOISE_7 NOISE_4 NOISE_0 NOISE_6 NOISE_7 NOISE_5 NOISE_3 NOISE_4 NOISE_2 NOISE_2 NOISE_0 NOISE_2 NOISE_5 NOISE_4 NOISE_1 NOISE_6 NOISE_4 NOISE_3 NOISE_4 K2 VALUE_1 NOISE_4 NOISE_7 NOISE_6 NOISE_6 NOISE_7 NOISE_2 NOISE_2 NOISE_6 NOISE_2 NOISE_3 NOISE_1 NOISE_5 NOISE_4 NOISE_7 NOISE_3 NOISE_0 K12 VALUE_0 NOISE_0 NOISE_6 NOISE_5 NOISE_2 NOISE_2 K9 VALUE_1 NOISE_3 NOISE_6 NOISE_4 NOISE_4 NOISE_2 K31 VALUE_1 NOISE_4 NOISE_3 NOISE_2 NOISE_6 NOISE_7 NOISE_6 NOISE_2 NOISE_1 NOISE_6 K26 VALUE_0 NOISE_0 NOISE_6 NOISE_4 NOISE_1 NOISE_7 NOISE_0 NOISE_3 NOISE_6 NOISE_4 NOISE_4 NOISE_5 NOISE_7 NOISE_7 NOISE_3 NOISE_0 NOISE_4 NOISE_3 NOISE_4 NOISE_6 NOISE_4 NOISE_0 NOISE_2 NOISE_4 NOISE_5 NOISE_7 NOISE_1 NOISE_2 NOISE_7 NOISE_5 NOISE_0 NOISE_7 NOISE_2 NOISE_3 NOISE_3 NOISE_6 NOISE_1 NOISE_0 NOISE_5 NOISE_7 NOISE_2 NOISE_1 NOISE_7 NOISE_2 NOISE_4 NOISE_7 NOISE_7 NOISE_5 NOISE_4 NOISE_6 NOISE_6 K17 VALUE_0 NOISE_3 NOISE_2 NOISE_2 NOISE_4 K7 VALUE_0 NOISE_3 NOISE_4 NOISE_6 NOISE_6 NOISE_4 NOISE_4 NOISE_0 NOISE_3 NOISE_4 NOISE_1 NOISE_4 NOISE_6 NOISE_3 NOISE_6 NOISE_0 NOISE_0 NOISE_1 NOISE_6 NOISE_2 NOISE_7 NOISE_0 NOISE_6 NOISE_6 NOISE_7 NOISE_5 NOISE_1 NOISE_0 NOISE_0 NOISE_0 NOISE_4 NOISE_3 NOISE_2 NOISE_4 NOISE_1 NOISE_1 NOISE_1 NOISE_7 NOISE_5 NOISE_2 NOISE_3 NOISE_0 NOISE_4 NOISE_6 NOISE_0 NOISE_1 NOISE_2 NOISE_6 NOISE_2 NOISE_7 NOISE_3 NOISE_3 NOISE_3 NOISE_0 NOISE_2 NOISE_7 NOISE_5 NOISE_4 NOISE_7 NOISE_6 NOISE_6 NOISE_0 NOISE_5 NOISE_0 NOISE_5 NOISE_5 NOISE_2 NOISE_7 NOISE_6 NOISE_5 NOISE_4 NOISE_6 NOISE_5 NOISE_3 NOISE_5 NOISE_0 NOISE_3 NOISE_7 NOISE_4 NOISE_1 NOISE_4 NOISE_0 NOISE_3 NOISE_3 NOISE_6 NOISE_7 NOISE_0 NOISE_7 NOISE_0 NOISE_2 NOISE_4 NOISE_3 NOISE_6 NOISE_3 NOISE_7 NOISE_6 NOISE_6 NOISE_3 NOISE_1 NOISE_1 K27 VALUE_0 NOISE_3 NOISE_0 NOISE_5 NOISE_2 NOISE_3 NOISE_6 NOISE_5 NOISE_4 NOISE_0 NOISE_4 NOISE_2 NOISE_1 NOISE_0 NOISE_2 K25 VALUE_0 NOISE_6 NOISE_5 K15 VALUE_1 NOISE_1 NOISE_4 NOISE_0 NOISE_6 NOISE_0 NOISE_2 NOISE_7 NOISE_5 K4 VALUE_1 NOISE_7 NOISE_1 NOISE_4 NOISE_0 K6 VALUE_0 K29 VALUE_0 NOISE_4 NOISE_6 NOISE_2 NOISE_1 NOISE_4 NOISE_2 K28 VALUE_1 NOISE_6 NOISE_0 NOISE_3 NOISE_5 NOISE_3 NOISE_2 NOISE_4 K13 VALUE_1 NOISE_4 NOISE_1 NOISE_0 NOISE_3 NOISE_7 NOISE_0 NOISE_4 NOISE_3 NOISE_3 NOISE_3 NOISE_7 NOISE_2 NOISE_2 NOISE_7 NOISE_6 NOISE_4 NOISE_2 NOISE_0 NOISE_0 NOISE_4 NOISE_6 NOISE_6 NOISE_7 NOISE_6 NOISE_0 NOISE_7 NOISE_0 NOISE_3 NOISE_2 K19 VALUE_0 NOISE_3 NOISE_6 NOISE_3 NOISE_6 NOISE_4 NOISE_5 NOISE_2 NOISE_2 NOISE_4 NOISE_3 NOISE_5 K5 VALUE_1 NOISE_0 NOISE_6 K8 VALUE_1 NOISE_6 NOISE_5 NOISE_0 NOISE_2 NOISE_7 NOISE_0 NOISE_1 NOISE_6 NOISE_7 NOISE_3 NOISE_4 NOISE_3 NOISE_3 NOISE_0 NOISE_3 NOISE_7 NOISE_7 NOISE_2 NOISE_6 NOISE_3 NOISE_2 NOISE_6 NOISE_4 NOISE_7 NOISE_6 NOISE_4 NOISE_5 NOISE_7 NOISE_4 NOISE_3 NOISE_4 NOISE_3 NOISE_5 NOISE_3 NOISE_5 NOISE_6 NOISE_2 NOISE_6 NOISE_2 NOISE_5 NOISE_5 NOISE_3 NOISE_4 NOISE_5 K0 VALUE_1 NOISE_5 NOISE_7 NOISE_0 NOISE_7 NOISE_7 NOISE_7 NOISE_1 NOISE_7 NOISE_0 NOISE_1 NOISE_2 NOISE_5 NOISE_1 NOISE_5 NOISE_7 NOISE_2 NOISE_5 NOISE_3 NOISE_2 NOISE_7 NOISE_6 NOISE_1 NOISE_4 NOISE_2 NOISE_7 NOISE_5 NOISE_7 NOISE_3 NOISE_2 NOISE_5 NOISE_5 NOISE_2 NOISE_2 K30 VALUE_0 NOISE_2 NOISE_7 NOISE_4 NOISE_4 NOISE_7 NOISE_4 NOISE_0 NOISE_3 NOISE_1 NOISE_3 NOISE_4 K10 VALUE_1 NOISE_2 NOISE_0 Q12
49,K13,VALUE_1,384,6042,NOISE_4 NOISE_6 NOISE_0 NOISE_7 NOISE_5 NOISE_3 NOISE_1 NOISE_6 NOISE_6 NOISE_0 NOISE_5 NOISE_6 NOISE_4 NOISE_0 NOISE_5 NOISE_2 NOISE_2 NOISE_0 NOISE_1 NOISE_2 NOISE_7 NOISE_6 NOISE_6 NOISE_7 NOISE_0 NOISE_7 NOISE_1 NOISE_7 NOISE_3 NOISE_6 NOISE_6 NOISE_6 NOISE_3 NOISE_7 NOISE_0 NOISE_5 NOISE_4 NOISE_3 NOISE_4 NOISE_7 NOISE_1 NOISE_5 NOISE_6 NOISE_6 NOISE_6 NOISE_3 NOISE_4 NOISE_3 NOISE_4 K0 VALUE_0 NOISE_7 NOISE_1 NOISE_0 NOISE_2 NOISE_5 NOISE_6 NOISE_6 NOISE_0 NOISE_4 NOISE_0 NOISE_3 NOISE_4 NOISE_3 NOISE_1 NOISE_0 NOISE_2 NOISE_6 NOISE_0 NOISE_1 NOISE_3 NOISE_0 NOISE_4 NOISE_1 NOISE_6 NOISE_3 NOISE_4 NOISE_6 NOISE_5 NOISE_3 NOISE_2 NOISE_4 NOISE_7 NOISE_5 NOISE_4 NOISE_2 NOISE_5 NOISE_3 NOISE_2 NOISE_3 NOISE_5 NOISE_0 NOISE_2 NOISE_2 NOISE_5 NOISE_0 NOISE_6 K23 VALUE_0 NOISE_1 NOISE_3 NOISE_4 NOISE_7 NOISE_4 NOISE_1 NOISE_0 NOISE_6 NOISE_1 NOISE_2 NOISE_6 NOISE_5 NOISE_1 K27 VALUE_0 NOISE_7 NOISE_1 NOISE_6 NOISE_3 NOISE_1 NOISE_5 NOISE_5 K6 VALUE_1 K22 VALUE_0 NOISE_4 K13 VALUE_1 NOISE_4 NOISE_7 NOISE_0 NOISE_1 NOISE_1 NOISE_4 NOISE_0 NOISE_2 NOISE_5 NOISE_1 NOISE_1 NOISE_5 NOISE_7 NOISE_1 NOISE_2 NOISE_5 NOISE_5 NOISE_4 NOISE_6 NOISE_6 NOISE_7 NOISE_4 NOISE_1 NOISE_0 NOISE_1 NOISE_4 NOISE_6 NOISE_4 NOISE_2 K17 VALUE_0 NOISE_0 NOISE_6 NOISE_4 NOISE_1 NOISE_2 NOISE_3 NOISE_0 NOISE_2 NOISE_4 NOISE_4 NOISE_1 NOISE_6 NOISE_3 NOISE_5 NOISE_2 NOISE_0 NOISE_4 NOISE_4 NOISE_1 NOISE_3 NOISE_2 NOISE_4 NOISE_3 K24 VALUE_0 NOISE_0 NOISE_2 K29 VALUE_1 NOISE_7 NOISE_3 NOISE_5 NOISE_0 NOISE_4 NOISE_5 NOISE_1 NOISE_5 NOISE_1 NOISE_4 NOISE_7 NOISE_3 NOISE_5 NOISE_5 NOISE_7 NOISE_5 NOISE_4 NOISE_0 NOISE_3 NOISE_6 NOISE_3 NOISE_5 NOISE_0 NOISE_0 NOISE_0 NOISE_0 NOISE_5 NOISE_7 NOISE_7 NOISE_4 NOISE_2 NOISE_2 NOISE_0 NOISE_4 K11 VALUE_1 NOISE_5 NOISE_4 NOISE_0 NOISE_6 NOISE_6 NOISE_6 NOISE_5 NOISE_0 NOISE_4 NOISE_1 NOISE_5 NOISE_6 NOISE_0 NOISE_6 NOISE_1 NOISE_2 NOISE_4 NOISE_7 NOISE_5 K10 VALUE_0 NOISE_4 NOISE_1 NOISE_4 NOISE_3 NOISE_5 K28 VALUE_1 NOISE_2 NOISE_0 NOISE_7 NOISE_0 NOISE_4 NOISE_2 NOISE_6 NOISE_0 NOISE_4 NOISE_7 NOISE_2 NOISE_2 NOISE_5 NOISE_1 NOISE_7 K8 VALUE_1 NOISE_3 NOISE_4 NOISE_7 NOISE_0 NOISE_6 NOISE_2 NOISE_7 NOISE_5 NOISE_6 NOISE_3 NOISE_3 NOISE_1 NOISE_4 NOISE_6 NOISE_2 NOISE_4 NOISE_6 NOISE_2 NOISE_4 NOISE_6 NOISE_7 NOISE_0 NOISE_3 NOISE_2 NOISE_3 NOISE_0 NOISE_0 NOISE_7 NOISE_6 NOISE_7 K1 VALUE_0 NOISE_1 K4 VALUE_1 NOISE_2 NOISE_4 NOISE_3 NOISE_0 NOISE_3 NOISE_3 NOISE_2 NOISE_6 NOISE_2 NOISE_7 NOISE_6 NOISE_2 K18 VALUE_0 NOISE_6 NOISE_6 NOISE_2 NOISE_0 NOISE_0 NOISE_2 NOISE_0 K21 VALUE_0 NOISE_0 NOISE_3 NOISE_5 NOISE_4 NOISE_4 NOISE_7 NOISE_7 NOISE_3 NOISE_4 NOISE_4 NOISE_6 NOISE_2 NOISE_5 NOISE_2 NOISE_1 NOISE_2 NOISE_5 NOISE_2 NOISE_7 NOISE_4 NOISE_7 NOISE_0 NOISE_2 NOISE_0 NOISE_7 NOISE_3 NOISE_1 NOISE_4 NOISE_7 NOISE_4 NOISE_3 NOISE_5 NOISE_5 NOISE_4 NOISE_5 K31 VALUE_1 NOISE_2 NOISE_6 NOISE_7 NOISE_3 NOISE_6 NOISE_7 K30 VALUE_1 NOISE_5 NOISE_2 NOISE_6 NOISE_4 NOISE_0 NOISE_5 NOISE_6 NOISE_0 K7 VALUE_0 NOISE_1 NOISE_6 NOISE_1 NOISE_0 NOISE_0 NOISE_7 NOISE_5 NOISE_6 K16 VALUE_1 NOISE_0 NOISE_4 NOISE_4 NOISE_4 NOISE_3 NOISE_6 NOISE_7 NOISE_2 NOISE_7 NOISE_4 NOISE_3 NOISE_4 NOISE_7 NOISE_4 NOISE_4 NOISE_4 NOISE_6 NOISE_6 NOISE_3 NOISE_6 NOISE_5 NOISE_2 NOISE_3 K2 VALUE_0 NOISE_2 NOISE_4 NOISE_0 NOISE_1 NOISE_3 NOISE_5 NOISE_2 NOISE_7 NOISE_2 NOISE_7 NOISE_5 NOISE_2 NOISE_5 NOISE_4 NOISE_1 NOISE_5 K5 VALUE_1 NOISE_3 NOISE_7 NOISE_2 NOISE_0 NOISE_2 NOISE_6 NOISE_0 NOISE_6 K19 VALUE_1 NOISE_6 NOISE_6 NOISE_1 NOISE_2 NOISE_7 NOISE_4 NOISE_6 NOISE_3 NOISE_1 NOISE_4 NOISE_5 NOISE_7 NOISE_5 NOISE_7 NOISE_6 NOISE_3 NOISE_2 NOISE_2 NOISE_0 NOISE_7 NOISE_2 NOISE_1 NOISE_1 NOISE_5 NOISE_0 NOISE_7 NOISE_6 NOISE_5 NOISE_0 NOISE_1 NOISE_3 NOISE_2 NOISE_2 NOISE_3 NOISE_1 NOISE_6 NOISE_3 NOISE_3 NOISE_3 NOISE_4 NOISE_1 NOISE_3 NOISE_6 NOISE_5 NOISE_2 NOISE_5 NOISE_5 NOISE_7 NOISE_1 NOISE_5 NOISE_7 NOISE_2 NOISE_5 NOISE_2 NOISE_3 NOISE_2 NOISE_4 NOISE_4 NOISE_1 NOISE_4 NOISE_4 NOISE_5 NOISE_6 NOISE_6 NOISE_7 NOISE_2 Q13
